,Iteration,Time,Fitness,FEvals,max_iters,learning_rate,schedule,algorithm,activation,bias,early_stopping,clip_max,hidden_layer_sizes,learning_rate_init,max_attempts
0,0,0.166881233999447,30.0427888382974,2,500,0.1,1,sa,relu,True,True,5,"[500, 500, 10]",0.1,500
1,1,0.784795027000655,30.0427888382974,4,500,0.1,1,sa,relu,True,True,5,"[500, 500, 10]",0.1,500
2,2,1.3865438899993,30.034429935498,6,500,0.1,1,sa,relu,True,True,5,"[500, 500, 10]",0.1,500
3,3,1.9864274119991,30.034725298814,8,500,0.1,1,sa,relu,True,True,5,"[500, 500, 10]",0.1,500
4,4,2.11584903199946,30.0346952013267,10,500,0.1,1,sa,relu,True,True,5,"[500, 500, 10]",0.1,500
5,5,2.72021613099969,30.0349683442797,12,500,0.1,1,sa,relu,True,True,5,"[500, 500, 10]",0.1,500
6,6,2.85438253599932,30.0349542234704,14,500,0.1,1,sa,relu,True,True,5,"[500, 500, 10]",0.1,500
7,7,2.99383563099946,30.0388214349103,16,500,0.1,1,sa,relu,True,True,5,"[500, 500, 10]",0.1,500
8,8,3.15652613599923,30.0386660565143,18,500,0.1,1,sa,relu,True,True,5,"[500, 500, 10]",0.1,500
9,9,3.77512598700014,30.0385363646555,20,500,0.1,1,sa,relu,True,True,5,"[500, 500, 10]",0.1,500
10,10,3.91049402399949,30.0386596399276,22,500,0.1,1,sa,relu,True,True,5,"[500, 500, 10]",0.1,500
11,11,4.05061110699899,30.0370545728194,24,500,0.1,1,sa,relu,True,True,5,"[500, 500, 10]",0.1,500
12,12,4.18980264399943,30.0370383227773,26,500,0.1,1,sa,relu,True,True,5,"[500, 500, 10]",0.1,500
13,13,4.32918945900019,30.0371363420187,28,500,0.1,1,sa,relu,True,True,5,"[500, 500, 10]",0.1,500
14,14,4.46945453700027,30.0376680010075,30,500,0.1,1,sa,relu,True,True,5,"[500, 500, 10]",0.1,500
15,15,4.6142047279991,30.0373464444824,32,500,0.1,1,sa,relu,True,True,5,"[500, 500, 10]",0.1,500
16,16,4.77658087499913,30.0373959955065,34,500,0.1,1,sa,relu,True,True,5,"[500, 500, 10]",0.1,500
17,17,5.39817415300058,30.037396185249,36,500,0.1,1,sa,relu,True,True,5,"[500, 500, 10]",0.1,500
18,18,5.53467425899908,30.035182852832,38,500,0.1,1,sa,relu,True,True,5,"[500, 500, 10]",0.1,500
19,19,5.67566632200033,30.0373098148414,40,500,0.1,1,sa,relu,True,True,5,"[500, 500, 10]",0.1,500
20,20,5.81488055800037,30.0367880312247,42,500,0.1,1,sa,relu,True,True,5,"[500, 500, 10]",0.1,500
21,21,5.95429028100079,30.0366167310074,44,500,0.1,1,sa,relu,True,True,5,"[500, 500, 10]",0.1,500
22,22,6.09630336500049,30.0366167310074,46,500,0.1,1,sa,relu,True,True,5,"[500, 500, 10]",0.1,500
23,23,6.23835192799925,30.0363098531539,48,500,0.1,1,sa,relu,True,True,5,"[500, 500, 10]",0.1,500
24,24,6.41002348499933,30.0382956919217,50,500,0.1,1,sa,relu,True,True,5,"[500, 500, 10]",0.1,500
25,25,6.55241727800058,30.0375971211175,52,500,0.1,1,sa,relu,True,True,5,"[500, 500, 10]",0.1,500
26,26,6.69561795499976,30.0334419343164,54,500,0.1,1,sa,relu,True,True,5,"[500, 500, 10]",0.1,500
27,27,6.83818858700033,30.0339552892606,56,500,0.1,1,sa,relu,True,True,5,"[500, 500, 10]",0.1,500
28,28,6.98056498900041,30.0318650389199,58,500,0.1,1,sa,relu,True,True,5,"[500, 500, 10]",0.1,500
29,29,7.12327425699914,30.0314830290368,60,500,0.1,1,sa,relu,True,True,5,"[500, 500, 10]",0.1,500
30,30,7.26522895299968,30.0315136325054,62,500,0.1,1,sa,relu,True,True,5,"[500, 500, 10]",0.1,500
31,31,7.40788129999964,30.0307990209581,64,500,0.1,1,sa,relu,True,True,5,"[500, 500, 10]",0.1,500
32,32,7.55040660499981,30.0310223977214,66,500,0.1,1,sa,relu,True,True,5,"[500, 500, 10]",0.1,500
33,33,8.17581961199903,30.0343565528037,68,500,0.1,1,sa,relu,True,True,5,"[500, 500, 10]",0.1,500
34,34,8.31575503599925,30.026747520108,70,500,0.1,1,sa,relu,True,True,5,"[500, 500, 10]",0.1,500
35,35,8.45723899699988,30.026912222017,72,500,0.1,1,sa,relu,True,True,5,"[500, 500, 10]",0.1,500
36,36,8.59725955800059,30.0274985721285,74,500,0.1,1,sa,relu,True,True,5,"[500, 500, 10]",0.1,500
37,37,8.73723255699952,30.0268488290474,76,500,0.1,1,sa,relu,True,True,5,"[500, 500, 10]",0.1,500
38,38,8.8799187780005,30.0270487042025,78,500,0.1,1,sa,relu,True,True,5,"[500, 500, 10]",0.1,500
39,39,9.02211470799921,30.0270033267732,80,500,0.1,1,sa,relu,True,True,5,"[500, 500, 10]",0.1,500
40,40,9.16474323900002,30.0269763936816,82,500,0.1,1,sa,relu,True,True,5,"[500, 500, 10]",0.1,500
41,41,9.30762613499974,30.0175345692204,84,500,0.1,1,sa,relu,True,True,5,"[500, 500, 10]",0.1,500
42,42,9.45045588100038,30.0176173833972,86,500,0.1,1,sa,relu,True,True,5,"[500, 500, 10]",0.1,500
43,43,9.61807143400074,30.0176173833972,88,500,0.1,1,sa,relu,True,True,5,"[500, 500, 10]",0.1,500
44,44,9.76118494799994,30.0176145364882,90,500,0.1,1,sa,relu,True,True,5,"[500, 500, 10]",0.1,500
45,45,9.90447201999996,30.0160120807183,92,500,0.1,1,sa,relu,True,True,5,"[500, 500, 10]",0.1,500
46,46,10.0471401520008,30.0162459449609,94,500,0.1,1,sa,relu,True,True,5,"[500, 500, 10]",0.1,500
47,47,10.1899103220003,30.0147985236173,96,500,0.1,1,sa,relu,True,True,5,"[500, 500, 10]",0.1,500
48,48,10.3331672919994,30.0148315898873,98,500,0.1,1,sa,relu,True,True,5,"[500, 500, 10]",0.1,500
49,49,10.4762050280006,30.0163584881719,100,500,0.1,1,sa,relu,True,True,5,"[500, 500, 10]",0.1,500
50,50,10.61911607,30.0160109149749,102,500,0.1,1,sa,relu,True,True,5,"[500, 500, 10]",0.1,500
51,51,10.7625405199997,30.0168925215015,104,500,0.1,1,sa,relu,True,True,5,"[500, 500, 10]",0.1,500
52,52,10.9058539220005,30.0167002972371,106,500,0.1,1,sa,relu,True,True,5,"[500, 500, 10]",0.1,500
53,53,11.0488716130003,29.9963532917625,108,500,0.1,1,sa,relu,True,True,5,"[500, 500, 10]",0.1,500
54,54,11.209926558,29.9941196408252,110,500,0.1,1,sa,relu,True,True,5,"[500, 500, 10]",0.1,500
55,55,11.3566276460006,29.9940989791137,112,500,0.1,1,sa,relu,True,True,5,"[500, 500, 10]",0.1,500
56,56,11.4992783180005,29.934922100698,114,500,0.1,1,sa,relu,True,True,5,"[500, 500, 10]",0.1,500
57,57,11.642102197,29.9407726477458,116,500,0.1,1,sa,relu,True,True,5,"[500, 500, 10]",0.1,500
58,58,11.7854277509996,29.940882735263,118,500,0.1,1,sa,relu,True,True,5,"[500, 500, 10]",0.1,500
59,59,11.9290592140005,29.9369589080417,120,500,0.1,1,sa,relu,True,True,5,"[500, 500, 10]",0.1,500
60,60,12.0721529629991,29.9373099522631,122,500,0.1,1,sa,relu,True,True,5,"[500, 500, 10]",0.1,500
61,61,12.2153145979992,29.9372441230305,124,500,0.1,1,sa,relu,True,True,5,"[500, 500, 10]",0.1,500
62,62,12.3595354570007,29.938691408952,126,500,0.1,1,sa,relu,True,True,5,"[500, 500, 10]",0.1,500
63,63,12.5027230729993,29.9422218845351,128,500,0.1,1,sa,relu,True,True,5,"[500, 500, 10]",0.1,500
64,64,12.6493740839996,29.9418371848533,130,500,0.1,1,sa,relu,True,True,5,"[500, 500, 10]",0.1,500
65,65,13.2777902979997,29.9495104278732,132,500,0.1,1,sa,relu,True,True,5,"[500, 500, 10]",0.1,500
66,66,13.4218624629993,29.9501381418302,134,500,0.1,1,sa,relu,True,True,5,"[500, 500, 10]",0.1,500
67,67,13.564889583,29.9505600532764,136,500,0.1,1,sa,relu,True,True,5,"[500, 500, 10]",0.1,500
68,68,13.7069539299991,29.9507947942817,138,500,0.1,1,sa,relu,True,True,5,"[500, 500, 10]",0.1,500
69,69,13.8495249820007,29.9507947942817,140,500,0.1,1,sa,relu,True,True,5,"[500, 500, 10]",0.1,500
70,70,13.9933785409994,29.959047582607,142,500,0.1,1,sa,relu,True,True,5,"[500, 500, 10]",0.1,500
71,71,14.1370994019999,29.9564090478327,144,500,0.1,1,sa,relu,True,True,5,"[500, 500, 10]",0.1,500
72,72,14.2817638270008,29.9556618012411,146,500,0.1,1,sa,relu,True,True,5,"[500, 500, 10]",0.1,500
73,73,14.4519183459997,29.9548333180022,148,500,0.1,1,sa,relu,True,True,5,"[500, 500, 10]",0.1,500
74,74,14.5962482289997,29.9548769902968,150,500,0.1,1,sa,relu,True,True,5,"[500, 500, 10]",0.1,500
75,75,14.7406789630004,29.9551493094087,152,500,0.1,1,sa,relu,True,True,5,"[500, 500, 10]",0.1,500
76,76,14.8847780870001,29.9551493094087,154,500,0.1,1,sa,relu,True,True,5,"[500, 500, 10]",0.1,500
77,77,15.0290071180007,29.9552510883849,156,500,0.1,1,sa,relu,True,True,5,"[500, 500, 10]",0.1,500
78,78,15.174664696,29.9552510883849,158,500,0.1,1,sa,relu,True,True,5,"[500, 500, 10]",0.1,500
79,79,15.3191120529991,29.9562201438907,160,500,0.1,1,sa,relu,True,True,5,"[500, 500, 10]",0.1,500
80,80,15.4629160250006,29.954041955226,162,500,0.1,1,sa,relu,True,True,5,"[500, 500, 10]",0.1,500
81,81,15.6065945610007,29.9540427343851,164,500,0.1,1,sa,relu,True,True,5,"[500, 500, 10]",0.1,500
82,82,15.7507575910004,29.951866175761,166,500,0.1,1,sa,relu,True,True,5,"[500, 500, 10]",0.1,500
83,83,15.894082376999,29.9520861474295,168,500,0.1,1,sa,relu,True,True,5,"[500, 500, 10]",0.1,500
84,84,16.0469225760007,29.9520772784149,170,500,0.1,1,sa,relu,True,True,5,"[500, 500, 10]",0.1,500
85,85,16.1921798210005,29.9524108553452,172,500,0.1,1,sa,relu,True,True,5,"[500, 500, 10]",0.1,500
86,86,16.335914579,29.9540959618318,174,500,0.1,1,sa,relu,True,True,5,"[500, 500, 10]",0.1,500
87,87,16.4795559590002,29.9568077546414,176,500,0.1,1,sa,relu,True,True,5,"[500, 500, 10]",0.1,500
88,88,16.6227744459993,29.9562931626084,178,500,0.1,1,sa,relu,True,True,5,"[500, 500, 10]",0.1,500
89,89,16.7661919820002,29.9561315332953,180,500,0.1,1,sa,relu,True,True,5,"[500, 500, 10]",0.1,500
90,90,16.910236280999,29.958714973786,182,500,0.1,1,sa,relu,True,True,5,"[500, 500, 10]",0.1,500
91,91,17.0544632159999,29.9596202599205,184,500,0.1,1,sa,relu,True,True,5,"[500, 500, 10]",0.1,500
92,92,17.1982497970002,29.9539683410438,186,500,0.1,1,sa,relu,True,True,5,"[500, 500, 10]",0.1,500
93,93,17.3420645250008,29.9507375482957,188,500,0.1,1,sa,relu,True,True,5,"[500, 500, 10]",0.1,500
94,94,17.485744526999,29.9493334648415,190,500,0.1,1,sa,relu,True,True,5,"[500, 500, 10]",0.1,500
95,95,17.6423975409998,29.9494487633318,192,500,0.1,1,sa,relu,True,True,5,"[500, 500, 10]",0.1,500
96,96,17.7938366399994,29.9499904874559,194,500,0.1,1,sa,relu,True,True,5,"[500, 500, 10]",0.1,500
97,97,17.9377931470008,29.94512563168,196,500,0.1,1,sa,relu,True,True,5,"[500, 500, 10]",0.1,500
98,98,18.0818910840007,29.9447026870111,198,500,0.1,1,sa,relu,True,True,5,"[500, 500, 10]",0.1,500
99,99,18.2252499530005,29.9446966623624,200,500,0.1,1,sa,relu,True,True,5,"[500, 500, 10]",0.1,500
100,100,18.3698075899993,29.9430690546212,202,500,0.1,1,sa,relu,True,True,5,"[500, 500, 10]",0.1,500
101,101,18.5140776179996,29.9432379927579,204,500,0.1,1,sa,relu,True,True,5,"[500, 500, 10]",0.1,500
102,102,18.6585842709992,29.9432379927579,206,500,0.1,1,sa,relu,True,True,5,"[500, 500, 10]",0.1,500
103,103,18.8027354269998,29.9422162386587,208,500,0.1,1,sa,relu,True,True,5,"[500, 500, 10]",0.1,500
104,104,18.9471803390006,29.946648162961,210,500,0.1,1,sa,relu,True,True,5,"[500, 500, 10]",0.1,500
105,105,19.0912147899999,29.9447202113078,212,500,0.1,1,sa,relu,True,True,5,"[500, 500, 10]",0.1,500
106,106,19.2489754979997,29.9383058584958,214,500,0.1,1,sa,relu,True,True,5,"[500, 500, 10]",0.1,500
107,107,19.4024964469991,29.938416979195,216,500,0.1,1,sa,relu,True,True,5,"[500, 500, 10]",0.1,500
108,108,19.546433259,29.939208598356,218,500,0.1,1,sa,relu,True,True,5,"[500, 500, 10]",0.1,500
109,109,19.6932530779995,29.935697662514,220,500,0.1,1,sa,relu,True,True,5,"[500, 500, 10]",0.1,500
110,110,19.8376690059995,29.935803387716,222,500,0.1,1,sa,relu,True,True,5,"[500, 500, 10]",0.1,500
111,111,19.9816160840001,29.9328726783666,224,500,0.1,1,sa,relu,True,True,5,"[500, 500, 10]",0.1,500
112,112,20.1259157250006,29.9563018296898,226,500,0.1,1,sa,relu,True,True,5,"[500, 500, 10]",0.1,500
113,113,20.270122336,29.9569657785312,228,500,0.1,1,sa,relu,True,True,5,"[500, 500, 10]",0.1,500
114,114,20.4144776409994,29.9590277237543,230,500,0.1,1,sa,relu,True,True,5,"[500, 500, 10]",0.1,500
115,115,20.558678804,29.9523930688673,232,500,0.1,1,sa,relu,True,True,5,"[500, 500, 10]",0.1,500
116,116,20.7034361900005,29.9523930688673,234,500,0.1,1,sa,relu,True,True,5,"[500, 500, 10]",0.1,500
117,117,20.8574546229993,29.951329588616,236,500,0.1,1,sa,relu,True,True,5,"[500, 500, 10]",0.1,500
118,118,21.0098159160007,29.951502215291,238,500,0.1,1,sa,relu,True,True,5,"[500, 500, 10]",0.1,500
119,119,21.1540478799998,29.9517739357491,240,500,0.1,1,sa,relu,True,True,5,"[500, 500, 10]",0.1,500
120,120,21.2982080460006,29.9522889922694,242,500,0.1,1,sa,relu,True,True,5,"[500, 500, 10]",0.1,500
121,121,21.4424669689997,29.95164837,244,500,0.1,1,sa,relu,True,True,5,"[500, 500, 10]",0.1,500
122,122,21.5867276379995,29.9525140156303,246,500,0.1,1,sa,relu,True,True,5,"[500, 500, 10]",0.1,500
123,123,21.7309526879999,29.9522546911442,248,500,0.1,1,sa,relu,True,True,5,"[500, 500, 10]",0.1,500
124,124,21.8756590880002,29.949589279126,250,500,0.1,1,sa,relu,True,True,5,"[500, 500, 10]",0.1,500
125,125,22.020320091,29.9508308530607,252,500,0.1,1,sa,relu,True,True,5,"[500, 500, 10]",0.1,500
126,126,22.1641884580004,29.9467429720041,254,500,0.1,1,sa,relu,True,True,5,"[500, 500, 10]",0.1,500
127,127,22.3084327840006,29.9466052370408,256,500,0.1,1,sa,relu,True,True,5,"[500, 500, 10]",0.1,500
128,128,22.4525863849995,29.9464029661761,258,500,0.1,1,sa,relu,True,True,5,"[500, 500, 10]",0.1,500
129,129,23.0819548239997,29.9955766719512,260,500,0.1,1,sa,relu,True,True,5,"[500, 500, 10]",0.1,500
130,130,23.2231717089999,29.9954926858485,262,500,0.1,1,sa,relu,True,True,5,"[500, 500, 10]",0.1,500
131,131,23.3664228809994,29.9969822292979,264,500,0.1,1,sa,relu,True,True,5,"[500, 500, 10]",0.1,500
132,132,23.5084003459997,29.9970611361602,266,500,0.1,1,sa,relu,True,True,5,"[500, 500, 10]",0.1,500
133,133,23.6518141800007,29.9971885642665,268,500,0.1,1,sa,relu,True,True,5,"[500, 500, 10]",0.1,500
134,134,23.7961873650002,29.9966499266611,270,500,0.1,1,sa,relu,True,True,5,"[500, 500, 10]",0.1,500
135,135,23.9408966989995,29.9966499274591,272,500,0.1,1,sa,relu,True,True,5,"[500, 500, 10]",0.1,500
136,136,24.1020637399997,30.0023838484264,274,500,0.1,1,sa,relu,True,True,5,"[500, 500, 10]",0.1,500
137,137,24.2573035009991,30.002045899231,276,500,0.1,1,sa,relu,True,True,5,"[500, 500, 10]",0.1,500
138,138,24.4017676200001,30.0020076510651,278,500,0.1,1,sa,relu,True,True,5,"[500, 500, 10]",0.1,500
139,139,24.5461366830004,30.0055501383289,280,500,0.1,1,sa,relu,True,True,5,"[500, 500, 10]",0.1,500
140,140,24.6924486820008,30.0062542563055,282,500,0.1,1,sa,relu,True,True,5,"[500, 500, 10]",0.1,500
141,141,24.8371279830008,30.0084626148332,284,500,0.1,1,sa,relu,True,True,5,"[500, 500, 10]",0.1,500
142,142,24.9842379260008,30.0082869690797,286,500,0.1,1,sa,relu,True,True,5,"[500, 500, 10]",0.1,500
143,143,25.129394947,30.0080000050164,288,500,0.1,1,sa,relu,True,True,5,"[500, 500, 10]",0.1,500
144,144,25.2747598879996,30.0090218966819,290,500,0.1,1,sa,relu,True,True,5,"[500, 500, 10]",0.1,500
145,145,25.4194363259994,30.0098546093062,292,500,0.1,1,sa,relu,True,True,5,"[500, 500, 10]",0.1,500
146,146,25.5637565010002,30.0103854382882,294,500,0.1,1,sa,relu,True,True,5,"[500, 500, 10]",0.1,500
147,147,25.7245278869996,30.0101222968054,296,500,0.1,1,sa,relu,True,True,5,"[500, 500, 10]",0.1,500
148,148,25.884219517,30.0098167476413,298,500,0.1,1,sa,relu,True,True,5,"[500, 500, 10]",0.1,500
149,149,26.0343324559999,30.0092195820769,300,500,0.1,1,sa,relu,True,True,5,"[500, 500, 10]",0.1,500
150,150,26.1801883860007,30.0092195820769,302,500,0.1,1,sa,relu,True,True,5,"[500, 500, 10]",0.1,500
151,151,26.325810974,30.0092195820769,304,500,0.1,1,sa,relu,True,True,5,"[500, 500, 10]",0.1,500
152,152,26.4709902049999,30.010198963826,306,500,0.1,1,sa,relu,True,True,5,"[500, 500, 10]",0.1,500
153,153,26.6156308139998,30.0069215318634,308,500,0.1,1,sa,relu,True,True,5,"[500, 500, 10]",0.1,500
154,154,26.762646051,30.0060597909849,310,500,0.1,1,sa,relu,True,True,5,"[500, 500, 10]",0.1,500
155,155,26.9072377009998,30.0066451234988,312,500,0.1,1,sa,relu,True,True,5,"[500, 500, 10]",0.1,500
156,156,27.0523289310004,30.0142009292755,314,500,0.1,1,sa,relu,True,True,5,"[500, 500, 10]",0.1,500
157,157,27.1966894739999,30.0128983321955,316,500,0.1,1,sa,relu,True,True,5,"[500, 500, 10]",0.1,500
158,158,27.3417865009997,30.0149872524989,318,500,0.1,1,sa,relu,True,True,5,"[500, 500, 10]",0.1,500
159,159,27.5078751689998,30.0149872524989,320,500,0.1,1,sa,relu,True,True,5,"[500, 500, 10]",0.1,500
160,160,27.6531461720006,30.014534826423,322,500,0.1,1,sa,relu,True,True,5,"[500, 500, 10]",0.1,500
161,161,27.7988785510006,30.014525161751,324,500,0.1,1,sa,relu,True,True,5,"[500, 500, 10]",0.1,500
162,162,27.9441756750002,30.014525161751,326,500,0.1,1,sa,relu,True,True,5,"[500, 500, 10]",0.1,500
163,163,28.0893212419996,30.0145497643613,328,500,0.1,1,sa,relu,True,True,5,"[500, 500, 10]",0.1,500
164,164,28.2347055989994,30.0128226983609,330,500,0.1,1,sa,relu,True,True,5,"[500, 500, 10]",0.1,500
165,165,28.3798315410004,30.0129009248405,332,500,0.1,1,sa,relu,True,True,5,"[500, 500, 10]",0.1,500
166,166,28.5249725680005,30.0128456247243,334,500,0.1,1,sa,relu,True,True,5,"[500, 500, 10]",0.1,500
167,167,28.6701621350003,30.0116422898553,336,500,0.1,1,sa,relu,True,True,5,"[500, 500, 10]",0.1,500
168,168,28.8155177169992,30.0123078910757,338,500,0.1,1,sa,relu,True,True,5,"[500, 500, 10]",0.1,500
169,169,28.9600897420005,30.0173796748185,340,500,0.1,1,sa,relu,True,True,5,"[500, 500, 10]",0.1,500
170,170,29.1316169359998,30.0166388577529,342,500,0.1,1,sa,relu,True,True,5,"[500, 500, 10]",0.1,500
171,171,29.2762523769998,30.0166554364037,344,500,0.1,1,sa,relu,True,True,5,"[500, 500, 10]",0.1,500
172,172,29.4215774379991,30.0143199474417,346,500,0.1,1,sa,relu,True,True,5,"[500, 500, 10]",0.1,500
173,173,29.5665173899997,30.0143199474417,348,500,0.1,1,sa,relu,True,True,5,"[500, 500, 10]",0.1,500
174,174,29.7153752680006,30.0123960291565,350,500,0.1,1,sa,relu,True,True,5,"[500, 500, 10]",0.1,500
175,175,29.8605498199995,30.0117377591656,352,500,0.1,1,sa,relu,True,True,5,"[500, 500, 10]",0.1,500
176,176,30.0061915440001,30.0117347168805,354,500,0.1,1,sa,relu,True,True,5,"[500, 500, 10]",0.1,500
177,177,30.1514654809998,30.0169432864721,356,500,0.1,1,sa,relu,True,True,5,"[500, 500, 10]",0.1,500
178,178,30.2967429790006,30.0171310626273,358,500,0.1,1,sa,relu,True,True,5,"[500, 500, 10]",0.1,500
179,179,30.4421246820002,30.0169907747495,360,500,0.1,1,sa,relu,True,True,5,"[500, 500, 10]",0.1,500
180,180,30.5874502320003,30.0264598281407,362,500,0.1,1,sa,relu,True,True,5,"[500, 500, 10]",0.1,500
181,181,30.7620080100005,30.0266162128305,364,500,0.1,1,sa,relu,True,True,5,"[500, 500, 10]",0.1,500
182,182,30.9073786770005,30.0275755175995,366,500,0.1,1,sa,relu,True,True,5,"[500, 500, 10]",0.1,500
183,183,31.0520259219993,30.031072377032,368,500,0.1,1,sa,relu,True,True,5,"[500, 500, 10]",0.1,500
184,184,31.1984237559991,30.0309238115379,370,500,0.1,1,sa,relu,True,True,5,"[500, 500, 10]",0.1,500
185,185,31.3438192169997,30.0369327801492,372,500,0.1,1,sa,relu,True,True,5,"[500, 500, 10]",0.1,500
186,186,31.4894352400006,30.0370755407026,374,500,0.1,1,sa,relu,True,True,5,"[500, 500, 10]",0.1,500
187,187,31.6342488480004,30.036807437479,376,500,0.1,1,sa,relu,True,True,5,"[500, 500, 10]",0.1,500
188,188,31.7795564490007,30.0277187324174,378,500,0.1,1,sa,relu,True,True,5,"[500, 500, 10]",0.1,500
189,189,31.9246879769999,30.0281849192632,380,500,0.1,1,sa,relu,True,True,5,"[500, 500, 10]",0.1,500
190,190,32.0697224260002,30.0303036247981,382,500,0.1,1,sa,relu,True,True,5,"[500, 500, 10]",0.1,500
191,191,32.2149561330007,30.030919454993,384,500,0.1,1,sa,relu,True,True,5,"[500, 500, 10]",0.1,500
192,192,32.3746777249999,30.0314793408966,386,500,0.1,1,sa,relu,True,True,5,"[500, 500, 10]",0.1,500
193,193,32.5202178990003,30.0298303071056,388,500,0.1,1,sa,relu,True,True,5,"[500, 500, 10]",0.1,500
194,194,32.6655740400001,30.0308676321845,390,500,0.1,1,sa,relu,True,True,5,"[500, 500, 10]",0.1,500
195,195,32.8111584239996,30.0325474275708,392,500,0.1,1,sa,relu,True,True,5,"[500, 500, 10]",0.1,500
196,196,32.9563388419992,30.0258243194314,394,500,0.1,1,sa,relu,True,True,5,"[500, 500, 10]",0.1,500
197,197,33.1016465129997,30.0270305849871,396,500,0.1,1,sa,relu,True,True,5,"[500, 500, 10]",0.1,500
198,198,33.2474713629999,30.0327093666855,398,500,0.1,1,sa,relu,True,True,5,"[500, 500, 10]",0.1,500
199,199,33.3926146249996,30.0309891892396,400,500,0.1,1,sa,relu,True,True,5,"[500, 500, 10]",0.1,500
200,200,33.5380773449997,30.0304439728049,402,500,0.1,1,sa,relu,True,True,5,"[500, 500, 10]",0.1,500
201,201,33.6835127560007,30.031549509911,404,500,0.1,1,sa,relu,True,True,5,"[500, 500, 10]",0.1,500
202,202,33.8296513360001,30.0298078826708,406,500,0.1,1,sa,relu,True,True,5,"[500, 500, 10]",0.1,500
203,203,34.0060404409996,30.0303841302672,408,500,0.1,1,sa,relu,True,True,5,"[500, 500, 10]",0.1,500
204,204,34.1514669129992,30.0289955128973,410,500,0.1,1,sa,relu,True,True,5,"[500, 500, 10]",0.1,500
205,205,34.2968553200008,30.0289955128973,412,500,0.1,1,sa,relu,True,True,5,"[500, 500, 10]",0.1,500
206,206,34.4425365749994,30.0427363748842,414,500,0.1,1,sa,relu,True,True,5,"[500, 500, 10]",0.1,500
207,207,34.5878944619999,30.0426879169151,416,500,0.1,1,sa,relu,True,True,5,"[500, 500, 10]",0.1,500
208,208,34.7344011099995,30.0429093237916,418,500,0.1,1,sa,relu,True,True,5,"[500, 500, 10]",0.1,500
209,209,34.8799895449993,30.0419408949059,420,500,0.1,1,sa,relu,True,True,5,"[500, 500, 10]",0.1,500
210,210,35.0250876890004,30.0419408949059,422,500,0.1,1,sa,relu,True,True,5,"[500, 500, 10]",0.1,500
211,211,35.1706732610001,30.0419339312455,424,500,0.1,1,sa,relu,True,True,5,"[500, 500, 10]",0.1,500
212,212,35.3161324880002,30.0414915579639,426,500,0.1,1,sa,relu,True,True,5,"[500, 500, 10]",0.1,500
213,213,35.4615183120004,30.041063454211,428,500,0.1,1,sa,relu,True,True,5,"[500, 500, 10]",0.1,500
214,214,35.6315129619998,30.0415137248074,430,500,0.1,1,sa,relu,True,True,5,"[500, 500, 10]",0.1,500
215,215,35.7767768419999,30.0415261623264,432,500,0.1,1,sa,relu,True,True,5,"[500, 500, 10]",0.1,500
216,216,35.9225859779999,30.0419803976726,434,500,0.1,1,sa,relu,True,True,5,"[500, 500, 10]",0.1,500
217,217,36.0674039160003,30.0392021209921,436,500,0.1,1,sa,relu,True,True,5,"[500, 500, 10]",0.1,500
218,218,36.2124114750004,30.0406567864444,438,500,0.1,1,sa,relu,True,True,5,"[500, 500, 10]",0.1,500
219,219,36.3688643219994,30.0406567864444,440,500,0.1,1,sa,relu,True,True,5,"[500, 500, 10]",0.1,500
220,220,36.5147659979994,30.0430605424026,442,500,0.1,1,sa,relu,True,True,5,"[500, 500, 10]",0.1,500
221,221,36.6604429929994,30.0421125190807,444,500,0.1,1,sa,relu,True,True,5,"[500, 500, 10]",0.1,500
222,222,36.8069228910008,30.0437129415635,446,500,0.1,1,sa,relu,True,True,5,"[500, 500, 10]",0.1,500
223,223,36.9530248739993,30.0497600326878,448,500,0.1,1,sa,relu,True,True,5,"[500, 500, 10]",0.1,500
224,224,37.0989002900005,30.0504671758584,450,500,0.1,1,sa,relu,True,True,5,"[500, 500, 10]",0.1,500
225,225,37.2669066090002,30.0505104340264,452,500,0.1,1,sa,relu,True,True,5,"[500, 500, 10]",0.1,500
226,226,37.412428833999,30.0509566742154,454,500,0.1,1,sa,relu,True,True,5,"[500, 500, 10]",0.1,500
227,227,37.5576920849999,30.0493677601449,456,500,0.1,1,sa,relu,True,True,5,"[500, 500, 10]",0.1,500
228,228,37.7035186110006,30.0484597976661,458,500,0.1,1,sa,relu,True,True,5,"[500, 500, 10]",0.1,500
229,229,37.848555085,30.0486060314204,460,500,0.1,1,sa,relu,True,True,5,"[500, 500, 10]",0.1,500
230,230,37.9943394269994,30.0529369385991,462,500,0.1,1,sa,relu,True,True,5,"[500, 500, 10]",0.1,500
231,231,38.1398606040002,30.0535385586874,464,500,0.1,1,sa,relu,True,True,5,"[500, 500, 10]",0.1,500
232,232,38.2859739020005,30.0535385586874,466,500,0.1,1,sa,relu,True,True,5,"[500, 500, 10]",0.1,500
233,233,38.4312787790004,30.0533986468803,468,500,0.1,1,sa,relu,True,True,5,"[500, 500, 10]",0.1,500
234,234,38.5769326560003,30.051658260296,470,500,0.1,1,sa,relu,True,True,5,"[500, 500, 10]",0.1,500
235,235,38.7228450179991,30.0519509680288,472,500,0.1,1,sa,relu,True,True,5,"[500, 500, 10]",0.1,500
236,236,38.8985054610002,30.0511980447624,474,500,0.1,1,sa,relu,True,True,5,"[500, 500, 10]",0.1,500
237,237,39.0440744099997,30.0769111962853,476,500,0.1,1,sa,relu,True,True,5,"[500, 500, 10]",0.1,500
238,238,39.1896814230004,30.0782998662851,478,500,0.1,1,sa,relu,True,True,5,"[500, 500, 10]",0.1,500
239,239,39.3351366700008,30.0773525839416,480,500,0.1,1,sa,relu,True,True,5,"[500, 500, 10]",0.1,500
240,240,39.4805756429996,30.0772758530383,482,500,0.1,1,sa,relu,True,True,5,"[500, 500, 10]",0.1,500
241,241,39.6264171160001,30.0861237047159,484,500,0.1,1,sa,relu,True,True,5,"[500, 500, 10]",0.1,500
242,242,39.7727995839996,30.0861237047159,486,500,0.1,1,sa,relu,True,True,5,"[500, 500, 10]",0.1,500
243,243,39.9183976580007,30.0859549479689,488,500,0.1,1,sa,relu,True,True,5,"[500, 500, 10]",0.1,500
244,244,40.0641310150004,30.0816760806304,490,500,0.1,1,sa,relu,True,True,5,"[500, 500, 10]",0.1,500
245,245,40.2094303039994,30.0817127422884,492,500,0.1,1,sa,relu,True,True,5,"[500, 500, 10]",0.1,500
246,246,40.3548430169994,30.081275731087,494,500,0.1,1,sa,relu,True,True,5,"[500, 500, 10]",0.1,500
247,247,40.5245218420005,30.079633981843,496,500,0.1,1,sa,relu,True,True,5,"[500, 500, 10]",0.1,500
248,248,40.6705267449997,30.0801749917245,498,500,0.1,1,sa,relu,True,True,5,"[500, 500, 10]",0.1,500
249,249,40.816142837999,30.078562336563,500,500,0.1,1,sa,relu,True,True,5,"[500, 500, 10]",0.1,500
250,250,40.9616478810003,30.0785812399415,502,500,0.1,1,sa,relu,True,True,5,"[500, 500, 10]",0.1,500
251,251,41.1070243459999,30.0783807881136,504,500,0.1,1,sa,relu,True,True,5,"[500, 500, 10]",0.1,500
252,252,41.2526378540006,30.0785699147576,506,500,0.1,1,sa,relu,True,True,5,"[500, 500, 10]",0.1,500
253,253,41.3981956989992,30.0841957879106,508,500,0.1,1,sa,relu,True,True,5,"[500, 500, 10]",0.1,500
254,254,41.544092696,30.0846930584506,510,500,0.1,1,sa,relu,True,True,5,"[500, 500, 10]",0.1,500
255,255,41.6900167919994,30.0864541204042,512,500,0.1,1,sa,relu,True,True,5,"[500, 500, 10]",0.1,500
256,256,41.8356149350002,30.0866456811303,514,500,0.1,1,sa,relu,True,True,5,"[500, 500, 10]",0.1,500
257,257,42.4705327390002,30.0882673523449,516,500,0.1,1,sa,relu,True,True,5,"[500, 500, 10]",0.1,500
258,258,42.6131202039996,30.0882673523449,518,500,0.1,1,sa,relu,True,True,5,"[500, 500, 10]",0.1,500
259,259,42.7583426670008,30.0826073955614,520,500,0.1,1,sa,relu,True,True,5,"[500, 500, 10]",0.1,500
260,260,42.9013333290004,30.0820856945437,522,500,0.1,1,sa,relu,True,True,5,"[500, 500, 10]",0.1,500
261,261,43.0470733910006,30.082195814692,524,500,0.1,1,sa,relu,True,True,5,"[500, 500, 10]",0.1,500
262,262,43.192940425999,30.082195814692,526,500,0.1,1,sa,relu,True,True,5,"[500, 500, 10]",0.1,500
263,263,43.3392483730004,30.0819835261,528,500,0.1,1,sa,relu,True,True,5,"[500, 500, 10]",0.1,500
264,264,43.4857119280005,30.0827461351981,530,500,0.1,1,sa,relu,True,True,5,"[500, 500, 10]",0.1,500
265,265,43.6478807139993,30.081431346455,532,500,0.1,1,sa,relu,True,True,5,"[500, 500, 10]",0.1,500
266,266,43.7958094139995,30.0815205428694,534,500,0.1,1,sa,relu,True,True,5,"[500, 500, 10]",0.1,500
267,267,43.9419496009996,30.0814101766684,536,500,0.1,1,sa,relu,True,True,5,"[500, 500, 10]",0.1,500
268,268,44.0880863660004,30.0816161737543,538,500,0.1,1,sa,relu,True,True,5,"[500, 500, 10]",0.1,500
269,269,44.2337526749998,30.0817030439544,540,500,0.1,1,sa,relu,True,True,5,"[500, 500, 10]",0.1,500
270,270,44.3843434030005,30.0817082007879,542,500,0.1,1,sa,relu,True,True,5,"[500, 500, 10]",0.1,500
271,271,44.5315381340006,30.0820983591922,544,500,0.1,1,sa,relu,True,True,5,"[500, 500, 10]",0.1,500
272,272,44.6817644969997,30.0787465403345,546,500,0.1,1,sa,relu,True,True,5,"[500, 500, 10]",0.1,500
273,273,44.827389738999,30.079499662304,548,500,0.1,1,sa,relu,True,True,5,"[500, 500, 10]",0.1,500
274,274,44.9729236269995,30.0795888120141,550,500,0.1,1,sa,relu,True,True,5,"[500, 500, 10]",0.1,500
275,275,45.1187708969992,30.0793508337334,552,500,0.1,1,sa,relu,True,True,5,"[500, 500, 10]",0.1,500
276,276,45.2926920650007,30.0801528775858,554,500,0.1,1,sa,relu,True,True,5,"[500, 500, 10]",0.1,500
277,277,45.4387742130002,30.0795541769142,556,500,0.1,1,sa,relu,True,True,5,"[500, 500, 10]",0.1,500
278,278,45.584434376,30.0807174425253,558,500,0.1,1,sa,relu,True,True,5,"[500, 500, 10]",0.1,500
279,279,45.7301582340006,30.0807174425253,560,500,0.1,1,sa,relu,True,True,5,"[500, 500, 10]",0.1,500
280,280,45.8761326860003,30.0812212438439,562,500,0.1,1,sa,relu,True,True,5,"[500, 500, 10]",0.1,500
281,281,46.0219198220002,30.0811397528672,564,500,0.1,1,sa,relu,True,True,5,"[500, 500, 10]",0.1,500
282,282,46.168007975999,30.0811397528672,566,500,0.1,1,sa,relu,True,True,5,"[500, 500, 10]",0.1,500
283,283,46.313718845,30.0817810054812,568,500,0.1,1,sa,relu,True,True,5,"[500, 500, 10]",0.1,500
284,284,46.4595517960006,30.0790442715654,570,500,0.1,1,sa,relu,True,True,5,"[500, 500, 10]",0.1,500
285,285,46.6054006720005,30.0798806716701,572,500,0.1,1,sa,relu,True,True,5,"[500, 500, 10]",0.1,500
286,286,46.7507969719991,30.0798806716701,574,500,0.1,1,sa,relu,True,True,5,"[500, 500, 10]",0.1,500
287,287,46.920163883,30.0802952252984,576,500,0.1,1,sa,relu,True,True,5,"[500, 500, 10]",0.1,500
288,288,47.0669042219997,30.0745453922535,578,500,0.1,1,sa,relu,True,True,5,"[500, 500, 10]",0.1,500
289,289,47.212499153,30.0842813027345,580,500,0.1,1,sa,relu,True,True,5,"[500, 500, 10]",0.1,500
290,290,47.358423317999,30.0842396423597,582,500,0.1,1,sa,relu,True,True,5,"[500, 500, 10]",0.1,500
291,291,47.5040468839998,30.0857120214514,584,500,0.1,1,sa,relu,True,True,5,"[500, 500, 10]",0.1,500
292,292,47.6502020169992,30.0857645956558,586,500,0.1,1,sa,relu,True,True,5,"[500, 500, 10]",0.1,500
293,293,47.7957247310005,30.0835295808691,588,500,0.1,1,sa,relu,True,True,5,"[500, 500, 10]",0.1,500
294,294,47.9415231109997,30.0835295808691,590,500,0.1,1,sa,relu,True,True,5,"[500, 500, 10]",0.1,500
295,295,48.0871381559991,30.0826376663397,592,500,0.1,1,sa,relu,True,True,5,"[500, 500, 10]",0.1,500
296,296,48.2330155269992,30.0826040932531,594,500,0.1,1,sa,relu,True,True,5,"[500, 500, 10]",0.1,500
297,297,48.3800877560007,30.0816460361055,596,500,0.1,1,sa,relu,True,True,5,"[500, 500, 10]",0.1,500
298,298,48.5447773479991,30.0850360763608,598,500,0.1,1,sa,relu,True,True,5,"[500, 500, 10]",0.1,500
299,299,48.6910909529997,30.0852373606615,600,500,0.1,1,sa,relu,True,True,5,"[500, 500, 10]",0.1,500
300,300,48.8369667869993,30.0853951419596,602,500,0.1,1,sa,relu,True,True,5,"[500, 500, 10]",0.1,500
301,301,48.9833760759993,30.1019071703176,604,500,0.1,1,sa,relu,True,True,5,"[500, 500, 10]",0.1,500
302,302,49.1295678759998,30.1025515638543,606,500,0.1,1,sa,relu,True,True,5,"[500, 500, 10]",0.1,500
303,303,49.2756771229997,30.099997744264,608,500,0.1,1,sa,relu,True,True,5,"[500, 500, 10]",0.1,500
304,304,49.4217369210001,30.1000394975592,610,500,0.1,1,sa,relu,True,True,5,"[500, 500, 10]",0.1,500
305,305,49.5674017639994,30.1000996443753,612,500,0.1,1,sa,relu,True,True,5,"[500, 500, 10]",0.1,500
306,306,49.7161471969994,30.1072913326872,614,500,0.1,1,sa,relu,True,True,5,"[500, 500, 10]",0.1,500
307,307,49.8616230459993,30.1068610663282,616,500,0.1,1,sa,relu,True,True,5,"[500, 500, 10]",0.1,500
308,308,50.0074636110003,30.1065522605694,618,500,0.1,1,sa,relu,True,True,5,"[500, 500, 10]",0.1,500
309,309,50.1697569249991,30.1075048401737,620,500,0.1,1,sa,relu,True,True,5,"[500, 500, 10]",0.1,500
310,310,50.3216735339993,30.1102391961259,622,500,0.1,1,sa,relu,True,True,5,"[500, 500, 10]",0.1,500
311,311,50.4677987039995,30.1133534041899,624,500,0.1,1,sa,relu,True,True,5,"[500, 500, 10]",0.1,500
312,312,50.6144525090003,30.1143000751118,626,500,0.1,1,sa,relu,True,True,5,"[500, 500, 10]",0.1,500
313,313,50.7607837840005,30.1141191567962,628,500,0.1,1,sa,relu,True,True,5,"[500, 500, 10]",0.1,500
314,314,50.9068201859991,30.1141095862601,630,500,0.1,1,sa,relu,True,True,5,"[500, 500, 10]",0.1,500
315,315,51.0529378829997,30.1109997901704,632,500,0.1,1,sa,relu,True,True,5,"[500, 500, 10]",0.1,500
316,316,51.1991433029998,30.1117204517539,634,500,0.1,1,sa,relu,True,True,5,"[500, 500, 10]",0.1,500
317,317,51.3454581639999,30.1118936795559,636,500,0.1,1,sa,relu,True,True,5,"[500, 500, 10]",0.1,500
318,318,51.491406006,30.1096807169738,638,500,0.1,1,sa,relu,True,True,5,"[500, 500, 10]",0.1,500
319,319,51.6372597009995,30.1096687699245,640,500,0.1,1,sa,relu,True,True,5,"[500, 500, 10]",0.1,500
320,320,51.7927177879992,30.1096184624857,642,500,0.1,1,sa,relu,True,True,5,"[500, 500, 10]",0.1,500
321,321,51.9464409299999,30.1096184624857,644,500,0.1,1,sa,relu,True,True,5,"[500, 500, 10]",0.1,500
322,322,52.0920779749995,30.1110987592487,646,500,0.1,1,sa,relu,True,True,5,"[500, 500, 10]",0.1,500
323,323,52.2379357209993,30.1108980295577,648,500,0.1,1,sa,relu,True,True,5,"[500, 500, 10]",0.1,500
324,324,52.3839418810003,30.1079570977242,650,500,0.1,1,sa,relu,True,True,5,"[500, 500, 10]",0.1,500
325,325,52.5295875869997,30.1114071983636,652,500,0.1,1,sa,relu,True,True,5,"[500, 500, 10]",0.1,500
326,326,52.6762545919992,30.1117944349153,654,500,0.1,1,sa,relu,True,True,5,"[500, 500, 10]",0.1,500
327,327,52.8228243070007,30.111967047556,656,500,0.1,1,sa,relu,True,True,5,"[500, 500, 10]",0.1,500
328,328,52.9687224909994,30.1119692461055,658,500,0.1,1,sa,relu,True,True,5,"[500, 500, 10]",0.1,500
329,329,53.11533495,30.1154443890946,660,500,0.1,1,sa,relu,True,True,5,"[500, 500, 10]",0.1,500
330,330,53.2616616849991,30.114461356658,662,500,0.1,1,sa,relu,True,True,5,"[500, 500, 10]",0.1,500
331,331,53.4270802880001,30.1146419586554,664,500,0.1,1,sa,relu,True,True,5,"[500, 500, 10]",0.1,500
332,332,53.5826044450005,30.1144868431184,666,500,0.1,1,sa,relu,True,True,5,"[500, 500, 10]",0.1,500
333,333,53.7286747899998,30.1145507957546,668,500,0.1,1,sa,relu,True,True,5,"[500, 500, 10]",0.1,500
334,334,53.8748762979994,30.114928253966,670,500,0.1,1,sa,relu,True,True,5,"[500, 500, 10]",0.1,500
335,335,54.0205375789992,30.1142946628252,672,500,0.1,1,sa,relu,True,True,5,"[500, 500, 10]",0.1,500
336,336,54.1663851279991,30.1134263267356,674,500,0.1,1,sa,relu,True,True,5,"[500, 500, 10]",0.1,500
337,337,54.3128771779993,30.1081032377264,676,500,0.1,1,sa,relu,True,True,5,"[500, 500, 10]",0.1,500
338,338,54.4591597029994,30.1081032377264,678,500,0.1,1,sa,relu,True,True,5,"[500, 500, 10]",0.1,500
339,339,54.6049119180007,30.1081001046317,680,500,0.1,1,sa,relu,True,True,5,"[500, 500, 10]",0.1,500
340,340,54.7570367259996,30.1115609967564,682,500,0.1,1,sa,relu,True,True,5,"[500, 500, 10]",0.1,500
341,341,54.9038469770003,30.1115941593719,684,500,0.1,1,sa,relu,True,True,5,"[500, 500, 10]",0.1,500
342,342,55.0661189189996,30.1141844777491,686,500,0.1,1,sa,relu,True,True,5,"[500, 500, 10]",0.1,500
343,343,55.2202398810005,30.1144001006812,688,500,0.1,1,sa,relu,True,True,5,"[500, 500, 10]",0.1,500
344,344,55.3665317640007,30.1125595314263,690,500,0.1,1,sa,relu,True,True,5,"[500, 500, 10]",0.1,500
345,345,55.5127544349998,30.1063004877663,692,500,0.1,1,sa,relu,True,True,5,"[500, 500, 10]",0.1,500
346,346,55.6587134509991,30.1063829267442,694,500,0.1,1,sa,relu,True,True,5,"[500, 500, 10]",0.1,500
347,347,55.8049760009999,30.1064434380092,696,500,0.1,1,sa,relu,True,True,5,"[500, 500, 10]",0.1,500
348,348,55.9516507589997,30.1063176957926,698,500,0.1,1,sa,relu,True,True,5,"[500, 500, 10]",0.1,500
349,349,56.0979524899994,30.1063045678592,700,500,0.1,1,sa,relu,True,True,5,"[500, 500, 10]",0.1,500
350,350,56.2449651429997,30.1050724278423,702,500,0.1,1,sa,relu,True,True,5,"[500, 500, 10]",0.1,500
351,351,56.3915011949994,30.1050876479439,704,500,0.1,1,sa,relu,True,True,5,"[500, 500, 10]",0.1,500
352,352,56.5379623059998,30.1034699376538,706,500,0.1,1,sa,relu,True,True,5,"[500, 500, 10]",0.1,500
353,353,56.6961088900007,30.1028636830813,708,500,0.1,1,sa,relu,True,True,5,"[500, 500, 10]",0.1,500
354,354,56.8478754789994,30.1028636830813,710,500,0.1,1,sa,relu,True,True,5,"[500, 500, 10]",0.1,500
355,355,56.9936836369998,30.10266662471,712,500,0.1,1,sa,relu,True,True,5,"[500, 500, 10]",0.1,500
356,356,57.139744692,30.1028375992754,714,500,0.1,1,sa,relu,True,True,5,"[500, 500, 10]",0.1,500
357,357,57.2864635200003,30.1031779953273,716,500,0.1,1,sa,relu,True,True,5,"[500, 500, 10]",0.1,500
358,358,57.4324093369996,30.1031779953273,718,500,0.1,1,sa,relu,True,True,5,"[500, 500, 10]",0.1,500
359,359,57.5796565889996,30.1046746691552,720,500,0.1,1,sa,relu,True,True,5,"[500, 500, 10]",0.1,500
360,360,57.7258636850002,30.1047833572065,722,500,0.1,1,sa,relu,True,True,5,"[500, 500, 10]",0.1,500
361,361,57.8725895669995,30.1050907615389,724,500,0.1,1,sa,relu,True,True,5,"[500, 500, 10]",0.1,500
362,362,58.0189860739993,30.1050969431533,726,500,0.1,1,sa,relu,True,True,5,"[500, 500, 10]",0.1,500
363,363,58.1653663069992,30.1055363897066,728,500,0.1,1,sa,relu,True,True,5,"[500, 500, 10]",0.1,500
364,364,58.3274384310007,30.1036682390587,730,500,0.1,1,sa,relu,True,True,5,"[500, 500, 10]",0.1,500
365,365,58.4820210489997,30.1038173080761,732,500,0.1,1,sa,relu,True,True,5,"[500, 500, 10]",0.1,500
366,366,58.6279836279991,30.1033271169354,734,500,0.1,1,sa,relu,True,True,5,"[500, 500, 10]",0.1,500
367,367,58.7737758620006,30.1033392546926,736,500,0.1,1,sa,relu,True,True,5,"[500, 500, 10]",0.1,500
368,368,58.9200782219996,30.108836784761,738,500,0.1,1,sa,relu,True,True,5,"[500, 500, 10]",0.1,500
369,369,59.0666056129994,30.108836784761,740,500,0.1,1,sa,relu,True,True,5,"[500, 500, 10]",0.1,500
370,370,59.2135227920007,30.108836784761,742,500,0.1,1,sa,relu,True,True,5,"[500, 500, 10]",0.1,500
371,371,59.3600610079993,30.1089590719536,744,500,0.1,1,sa,relu,True,True,5,"[500, 500, 10]",0.1,500
372,372,59.5062456840005,30.1089590719536,746,500,0.1,1,sa,relu,True,True,5,"[500, 500, 10]",0.1,500
373,373,59.6569876899994,30.1086796525615,748,500,0.1,1,sa,relu,True,True,5,"[500, 500, 10]",0.1,500
374,374,59.8033299300005,30.1089457090899,750,500,0.1,1,sa,relu,True,True,5,"[500, 500, 10]",0.1,500
375,375,59.9696997119991,30.1086100227782,752,500,0.1,1,sa,relu,True,True,5,"[500, 500, 10]",0.1,500
376,376,60.1176041769995,30.1084631693288,754,500,0.1,1,sa,relu,True,True,5,"[500, 500, 10]",0.1,500
377,377,60.2635548830003,30.1086248252758,756,500,0.1,1,sa,relu,True,True,5,"[500, 500, 10]",0.1,500
378,378,60.4094807239999,30.1101136757764,758,500,0.1,1,sa,relu,True,True,5,"[500, 500, 10]",0.1,500
379,379,60.5556616289996,30.110409978312,760,500,0.1,1,sa,relu,True,True,5,"[500, 500, 10]",0.1,500
380,380,60.702398546,30.111157792823,762,500,0.1,1,sa,relu,True,True,5,"[500, 500, 10]",0.1,500
381,381,60.848250564999,30.1122944486366,764,500,0.1,1,sa,relu,True,True,5,"[500, 500, 10]",0.1,500
382,382,60.9950598380001,30.1151410253288,766,500,0.1,1,sa,relu,True,True,5,"[500, 500, 10]",0.1,500
383,383,61.1412315239995,30.1151410253288,768,500,0.1,1,sa,relu,True,True,5,"[500, 500, 10]",0.1,500
384,384,61.2879803840006,30.1247590016316,770,500,0.1,1,sa,relu,True,True,5,"[500, 500, 10]",0.1,500
385,385,61.4339845880004,30.1247961042516,772,500,0.1,1,sa,relu,True,True,5,"[500, 500, 10]",0.1,500
386,386,61.6004723330007,30.124622354334,774,500,0.1,1,sa,relu,True,True,5,"[500, 500, 10]",0.1,500
387,387,61.7516391879999,30.1237799716933,776,500,0.1,1,sa,relu,True,True,5,"[500, 500, 10]",0.1,500
388,388,61.897671748,30.1237799716933,778,500,0.1,1,sa,relu,True,True,5,"[500, 500, 10]",0.1,500
389,389,62.043902170999,30.1237181147854,780,500,0.1,1,sa,relu,True,True,5,"[500, 500, 10]",0.1,500
390,390,62.1899128709993,30.1248279040767,782,500,0.1,1,sa,relu,True,True,5,"[500, 500, 10]",0.1,500
391,391,62.3361700429996,30.1271480984503,784,500,0.1,1,sa,relu,True,True,5,"[500, 500, 10]",0.1,500
392,392,62.4827758659994,30.1274067340035,786,500,0.1,1,sa,relu,True,True,5,"[500, 500, 10]",0.1,500
393,393,62.6289461550005,30.1274067340035,788,500,0.1,1,sa,relu,True,True,5,"[500, 500, 10]",0.1,500
394,394,62.7748123519996,30.1275094826012,790,500,0.1,1,sa,relu,True,True,5,"[500, 500, 10]",0.1,500
395,395,62.9207666189996,30.1275822502785,792,500,0.1,1,sa,relu,True,True,5,"[500, 500, 10]",0.1,500
396,396,63.0671095569996,30.1275822502785,794,500,0.1,1,sa,relu,True,True,5,"[500, 500, 10]",0.1,500
397,397,63.2198795660006,30.1247125586238,796,500,0.1,1,sa,relu,True,True,5,"[500, 500, 10]",0.1,500
398,398,63.3758564389991,30.1248908621667,798,500,0.1,1,sa,relu,True,True,5,"[500, 500, 10]",0.1,500
399,399,63.5238466009996,30.1246332525924,800,500,0.1,1,sa,relu,True,True,5,"[500, 500, 10]",0.1,500
400,400,63.6716218580004,30.1242884840103,802,500,0.1,1,sa,relu,True,True,5,"[500, 500, 10]",0.1,500
401,401,63.8178460649997,30.1245463470798,804,500,0.1,1,sa,relu,True,True,5,"[500, 500, 10]",0.1,500
402,402,63.9648190480002,30.1211969726141,806,500,0.1,1,sa,relu,True,True,5,"[500, 500, 10]",0.1,500
403,403,64.111240627999,30.1220118234747,808,500,0.1,1,sa,relu,True,True,5,"[500, 500, 10]",0.1,500
404,404,64.2590745529997,30.1236209848972,810,500,0.1,1,sa,relu,True,True,5,"[500, 500, 10]",0.1,500
405,405,64.4053839669996,30.1238697114494,812,500,0.1,1,sa,relu,True,True,5,"[500, 500, 10]",0.1,500
406,406,64.5516516160005,30.1264373107088,814,500,0.1,1,sa,relu,True,True,5,"[500, 500, 10]",0.1,500
407,407,64.6979276460006,30.1259066248147,816,500,0.1,1,sa,relu,True,True,5,"[500, 500, 10]",0.1,500
408,408,64.8528860829993,30.1261263152225,818,500,0.1,1,sa,relu,True,True,5,"[500, 500, 10]",0.1,500
409,409,65.0083160930008,30.1292135265696,820,500,0.1,1,sa,relu,True,True,5,"[500, 500, 10]",0.1,500
410,410,65.1547975979993,30.1274146597512,822,500,0.1,1,sa,relu,True,True,5,"[500, 500, 10]",0.1,500
411,411,65.3014016750003,30.1277571328719,824,500,0.1,1,sa,relu,True,True,5,"[500, 500, 10]",0.1,500
412,412,65.4478179479993,30.1280328573301,826,500,0.1,1,sa,relu,True,True,5,"[500, 500, 10]",0.1,500
413,413,65.5936695479995,30.1282308461101,828,500,0.1,1,sa,relu,True,True,5,"[500, 500, 10]",0.1,500
414,414,65.7427875880003,30.1292189375794,830,500,0.1,1,sa,relu,True,True,5,"[500, 500, 10]",0.1,500
415,415,65.8892873210007,30.1296346434692,832,500,0.1,1,sa,relu,True,True,5,"[500, 500, 10]",0.1,500
416,416,66.0361831280006,30.1296346434692,834,500,0.1,1,sa,relu,True,True,5,"[500, 500, 10]",0.1,500
417,417,66.1824834630006,30.1296346434692,836,500,0.1,1,sa,relu,True,True,5,"[500, 500, 10]",0.1,500
418,418,66.3292551609993,30.1299447193582,838,500,0.1,1,sa,relu,True,True,5,"[500, 500, 10]",0.1,500
419,419,66.4899256959998,30.1299447193582,840,500,0.1,1,sa,relu,True,True,5,"[500, 500, 10]",0.1,500
420,420,66.6413809290007,30.1314057778448,842,500,0.1,1,sa,relu,True,True,5,"[500, 500, 10]",0.1,500
421,421,66.7881302770002,30.1305199011563,844,500,0.1,1,sa,relu,True,True,5,"[500, 500, 10]",0.1,500
422,422,66.9345411020004,30.1313699610252,846,500,0.1,1,sa,relu,True,True,5,"[500, 500, 10]",0.1,500
423,423,67.080804141,30.130725008202,848,500,0.1,1,sa,relu,True,True,5,"[500, 500, 10]",0.1,500
424,424,67.2272404579999,30.1316777202333,850,500,0.1,1,sa,relu,True,True,5,"[500, 500, 10]",0.1,500
425,425,67.3735924060002,30.1318842784551,852,500,0.1,1,sa,relu,True,True,5,"[500, 500, 10]",0.1,500
426,426,67.5202792460004,30.1358769313629,854,500,0.1,1,sa,relu,True,True,5,"[500, 500, 10]",0.1,500
427,427,67.6663853499995,30.13534069713,856,500,0.1,1,sa,relu,True,True,5,"[500, 500, 10]",0.1,500
428,428,67.8126159120002,30.1359400236158,858,500,0.1,1,sa,relu,True,True,5,"[500, 500, 10]",0.1,500
429,429,67.9591218620008,30.1461704369382,860,500,0.1,1,sa,relu,True,True,5,"[500, 500, 10]",0.1,500
430,430,68.1308367210004,30.1462865923815,862,500,0.1,1,sa,relu,True,True,5,"[500, 500, 10]",0.1,500
431,431,68.2777795319998,30.1442879252167,864,500,0.1,1,sa,relu,True,True,5,"[500, 500, 10]",0.1,500
432,432,68.4240119099995,30.1414586407845,866,500,0.1,1,sa,relu,True,True,5,"[500, 500, 10]",0.1,500
433,433,68.5702454059992,30.1428010353179,868,500,0.1,1,sa,relu,True,True,5,"[500, 500, 10]",0.1,500
434,434,68.7167526129997,30.1423214909852,870,500,0.1,1,sa,relu,True,True,5,"[500, 500, 10]",0.1,500
435,435,68.863393915999,30.145426837281,872,500,0.1,1,sa,relu,True,True,5,"[500, 500, 10]",0.1,500
436,436,69.0098761890004,30.145426837281,874,500,0.1,1,sa,relu,True,True,5,"[500, 500, 10]",0.1,500
437,437,69.1560360010008,30.1454292960237,876,500,0.1,1,sa,relu,True,True,5,"[500, 500, 10]",0.1,500
438,438,69.3018819440003,30.1443048640446,878,500,0.1,1,sa,relu,True,True,5,"[500, 500, 10]",0.1,500
439,439,69.4479918889992,30.144554435541,880,500,0.1,1,sa,relu,True,True,5,"[500, 500, 10]",0.1,500
440,440,69.594199961999,30.1447296987313,882,500,0.1,1,sa,relu,True,True,5,"[500, 500, 10]",0.1,500
441,441,69.7488161040001,30.1447404782467,884,500,0.1,1,sa,relu,True,True,5,"[500, 500, 10]",0.1,500
442,442,69.8953872860002,30.1464798465782,886,500,0.1,1,sa,relu,True,True,5,"[500, 500, 10]",0.1,500
443,443,70.0413860429999,30.1466802484673,888,500,0.1,1,sa,relu,True,True,5,"[500, 500, 10]",0.1,500
444,444,70.1878903159995,30.1419850447871,890,500,0.1,1,sa,relu,True,True,5,"[500, 500, 10]",0.1,500
445,445,70.3341993110007,30.141660352217,892,500,0.1,1,sa,relu,True,True,5,"[500, 500, 10]",0.1,500
446,446,70.4809867240001,30.1415120867173,894,500,0.1,1,sa,relu,True,True,5,"[500, 500, 10]",0.1,500
447,447,70.6272147719992,30.1410764159067,896,500,0.1,1,sa,relu,True,True,5,"[500, 500, 10]",0.1,500
448,448,70.7736416600001,30.1406995848624,898,500,0.1,1,sa,relu,True,True,5,"[500, 500, 10]",0.1,500
449,449,70.9202161239991,30.1400217980854,900,500,0.1,1,sa,relu,True,True,5,"[500, 500, 10]",0.1,500
450,450,71.0664948079993,30.1378280900766,902,500,0.1,1,sa,relu,True,True,5,"[500, 500, 10]",0.1,500
451,451,71.2130782820004,30.1390419521575,904,500,0.1,1,sa,relu,True,True,5,"[500, 500, 10]",0.1,500
452,452,71.3811408239999,30.1390419522454,906,500,0.1,1,sa,relu,True,True,5,"[500, 500, 10]",0.1,500
453,453,71.5272479750001,30.1390419522454,908,500,0.1,1,sa,relu,True,True,5,"[500, 500, 10]",0.1,500
454,454,71.6732298309998,30.1390419522454,910,500,0.1,1,sa,relu,True,True,5,"[500, 500, 10]",0.1,500
455,455,71.8197674179992,30.1367043502285,912,500,0.1,1,sa,relu,True,True,5,"[500, 500, 10]",0.1,500
456,456,71.966685854999,30.1388706335207,914,500,0.1,1,sa,relu,True,True,5,"[500, 500, 10]",0.1,500
457,457,72.113354047,30.1412070998826,916,500,0.1,1,sa,relu,True,True,5,"[500, 500, 10]",0.1,500
458,458,72.2596761719997,30.1155646618519,918,500,0.1,1,sa,relu,True,True,5,"[500, 500, 10]",0.1,500
459,459,72.4058428989993,30.1160920183414,920,500,0.1,1,sa,relu,True,True,5,"[500, 500, 10]",0.1,500
460,460,72.5522503709999,30.1179321037293,922,500,0.1,1,sa,relu,True,True,5,"[500, 500, 10]",0.1,500
461,461,72.6981514189993,30.1174016473518,924,500,0.1,1,sa,relu,True,True,5,"[500, 500, 10]",0.1,500
462,462,72.8451237040008,30.117317213309,926,500,0.1,1,sa,relu,True,True,5,"[500, 500, 10]",0.1,500
463,463,73.0038213419994,30.1131986178315,928,500,0.1,1,sa,relu,True,True,5,"[500, 500, 10]",0.1,500
464,464,73.1534835210005,30.1131986178315,930,500,0.1,1,sa,relu,True,True,5,"[500, 500, 10]",0.1,500
465,465,73.2999880030002,30.113198077162,932,500,0.1,1,sa,relu,True,True,5,"[500, 500, 10]",0.1,500
466,466,73.4462420330001,30.112838184219,934,500,0.1,1,sa,relu,True,True,5,"[500, 500, 10]",0.1,500
467,467,73.5928789360005,30.1128381842199,936,500,0.1,1,sa,relu,True,True,5,"[500, 500, 10]",0.1,500
468,468,73.7394636669997,30.1126549650495,938,500,0.1,1,sa,relu,True,True,5,"[500, 500, 10]",0.1,500
469,469,73.886036943999,30.1119782965877,940,500,0.1,1,sa,relu,True,True,5,"[500, 500, 10]",0.1,500
470,470,74.0324600610002,30.1119780957809,942,500,0.1,1,sa,relu,True,True,5,"[500, 500, 10]",0.1,500
471,471,74.1785825080006,30.1086949368711,944,500,0.1,1,sa,relu,True,True,5,"[500, 500, 10]",0.1,500
472,472,74.3243968820007,30.1096281773553,946,500,0.1,1,sa,relu,True,True,5,"[500, 500, 10]",0.1,500
473,473,74.4698941730003,30.116017507346,948,500,0.1,1,sa,relu,True,True,5,"[500, 500, 10]",0.1,500
474,474,74.6423486589993,30.1160467392064,950,500,0.1,1,sa,relu,True,True,5,"[500, 500, 10]",0.1,500
475,475,74.7925703429992,30.1185762673014,952,500,0.1,1,sa,relu,True,True,5,"[500, 500, 10]",0.1,500
476,476,74.9387407710001,30.1253422122695,954,500,0.1,1,sa,relu,True,True,5,"[500, 500, 10]",0.1,500
477,477,75.0849848130001,30.1255794434345,956,500,0.1,1,sa,relu,True,True,5,"[500, 500, 10]",0.1,500
478,478,75.2312553249994,30.1256435446076,958,500,0.1,1,sa,relu,True,True,5,"[500, 500, 10]",0.1,500
479,479,75.3777035149997,30.1253494389595,960,500,0.1,1,sa,relu,True,True,5,"[500, 500, 10]",0.1,500
480,480,75.5236920749994,30.125979800501,962,500,0.1,1,sa,relu,True,True,5,"[500, 500, 10]",0.1,500
481,481,75.6704573480001,30.1267112119482,964,500,0.1,1,sa,relu,True,True,5,"[500, 500, 10]",0.1,500
482,482,75.8172173120001,30.1268742370572,966,500,0.1,1,sa,relu,True,True,5,"[500, 500, 10]",0.1,500
483,483,75.9635292410003,30.128101099881,968,500,0.1,1,sa,relu,True,True,5,"[500, 500, 10]",0.1,500
484,484,76.1095496489998,30.135047600554,970,500,0.1,1,sa,relu,True,True,5,"[500, 500, 10]",0.1,500
485,485,76.2772212149994,30.135047600554,972,500,0.1,1,sa,relu,True,True,5,"[500, 500, 10]",0.1,500
486,486,76.4334888409994,30.1367499329961,974,500,0.1,1,sa,relu,True,True,5,"[500, 500, 10]",0.1,500
487,487,76.5799943010006,30.1371257789345,976,500,0.1,1,sa,relu,True,True,5,"[500, 500, 10]",0.1,500
488,488,76.7263821479992,30.1390204913346,978,500,0.1,1,sa,relu,True,True,5,"[500, 500, 10]",0.1,500
489,489,76.8731882779994,30.1389946727817,980,500,0.1,1,sa,relu,True,True,5,"[500, 500, 10]",0.1,500
490,490,77.0200944219996,30.1405813616908,982,500,0.1,1,sa,relu,True,True,5,"[500, 500, 10]",0.1,500
491,491,77.1666663020005,30.1411084986812,984,500,0.1,1,sa,relu,True,True,5,"[500, 500, 10]",0.1,500
492,492,77.3131187529998,30.1411084986812,986,500,0.1,1,sa,relu,True,True,5,"[500, 500, 10]",0.1,500
493,493,77.4592724190006,30.1411032672888,988,500,0.1,1,sa,relu,True,True,5,"[500, 500, 10]",0.1,500
494,494,77.6059658939994,30.1430212054535,990,500,0.1,1,sa,relu,True,True,5,"[500, 500, 10]",0.1,500
495,495,77.7526353440007,30.1402017990199,992,500,0.1,1,sa,relu,True,True,5,"[500, 500, 10]",0.1,500
496,496,77.9072215230008,30.1403627765027,994,500,0.1,1,sa,relu,True,True,5,"[500, 500, 10]",0.1,500
497,497,78.06470859,30.140098978988,996,500,0.1,1,sa,relu,True,True,5,"[500, 500, 10]",0.1,500
498,498,78.2108402560007,30.1405135001953,998,500,0.1,1,sa,relu,True,True,5,"[500, 500, 10]",0.1,500
499,499,78.3571197780002,30.1419530653382,1000,500,0.1,1,sa,relu,True,True,5,"[500, 500, 10]",0.1,500
500,500,78.5039034189995,30.1454257883813,1002,500,0.1,1,sa,relu,True,True,5,"[500, 500, 10]",0.1,500
