,Iteration,Time,Fitness,FEvals,max_iters,learning_rate,algorithm,activation,bias,early_stopping,clip_max,hidden_layer_sizes,learning_rate_init,max_attempts,current_restart
0,0,0.17530185799842,30.2023497057082,1,500,0.1,rhc,relu,True,True,5,"[500, 500, 10]",0.1,500,0
1,1,0.737420687000849,30.2023497057082,2,500,0.1,rhc,relu,True,True,5,"[500, 500, 10]",0.1,500,0
2,2,1.3473924860009,30.2023166582611,4,500,0.1,rhc,relu,True,True,5,"[500, 500, 10]",0.1,500,0
3,3,1.98085038099816,30.1955376509466,6,500,0.1,rhc,relu,True,True,5,"[500, 500, 10]",0.1,500,0
4,4,2.11196806699809,30.1954584794861,8,500,0.1,rhc,relu,True,True,5,"[500, 500, 10]",0.1,500,0
5,5,2.72771153299982,30.1953625614846,10,500,0.1,rhc,relu,True,True,5,"[500, 500, 10]",0.1,500,0
6,6,2.79368073200021,30.1953625614846,11,500,0.1,rhc,relu,True,True,5,"[500, 500, 10]",0.1,500,0
7,7,2.85977899899808,30.1953625614846,12,500,0.1,rhc,relu,True,True,5,"[500, 500, 10]",0.1,500,0
8,8,2.99057464399812,30.1953623427803,14,500,0.1,rhc,relu,True,True,5,"[500, 500, 10]",0.1,500,0
9,9,3.55450594099966,30.1953623427803,15,500,0.1,rhc,relu,True,True,5,"[500, 500, 10]",0.1,500,0
10,10,3.62030919500103,30.1953623427803,16,500,0.1,rhc,relu,True,True,5,"[500, 500, 10]",0.1,500,0
11,11,3.75126023800112,30.1951591692224,18,500,0.1,rhc,relu,True,True,5,"[500, 500, 10]",0.1,500,0
12,12,3.88210938200064,30.1932778102814,20,500,0.1,rhc,relu,True,True,5,"[500, 500, 10]",0.1,500,0
13,13,3.94801041499886,30.1932778102814,21,500,0.1,rhc,relu,True,True,5,"[500, 500, 10]",0.1,500,0
14,14,4.07712985399849,30.192561500053,23,500,0.1,rhc,relu,True,True,5,"[500, 500, 10]",0.1,500,0
15,15,4.20681298599811,30.1911792790173,25,500,0.1,rhc,relu,True,True,5,"[500, 500, 10]",0.1,500,0
16,16,4.33549381699777,30.1911792789157,27,500,0.1,rhc,relu,True,True,5,"[500, 500, 10]",0.1,500,0
17,17,4.95224964199952,30.1908192141661,29,500,0.1,rhc,relu,True,True,5,"[500, 500, 10]",0.1,500,0
18,18,5.03459027999998,30.1908192141661,30,500,0.1,rhc,relu,True,True,5,"[500, 500, 10]",0.1,500,0
19,19,5.10730907299876,30.1908192141661,31,500,0.1,rhc,relu,True,True,5,"[500, 500, 10]",0.1,500,0
20,20,5.23840790199756,30.1856398075444,33,500,0.1,rhc,relu,True,True,5,"[500, 500, 10]",0.1,500,0
21,21,5.30407084399849,30.1856398075444,34,500,0.1,rhc,relu,True,True,5,"[500, 500, 10]",0.1,500,0
22,22,5.36972617399806,30.1856398075444,35,500,0.1,rhc,relu,True,True,5,"[500, 500, 10]",0.1,500,0
23,23,5.43540622699948,30.1856398075444,36,500,0.1,rhc,relu,True,True,5,"[500, 500, 10]",0.1,500,0
24,24,5.50116310700105,30.1856398075444,37,500,0.1,rhc,relu,True,True,5,"[500, 500, 10]",0.1,500,0
25,25,5.63161045000015,30.1843649993111,39,500,0.1,rhc,relu,True,True,5,"[500, 500, 10]",0.1,500,0
26,26,5.69703935199868,30.1843649993111,40,500,0.1,rhc,relu,True,True,5,"[500, 500, 10]",0.1,500,0
27,27,5.82638221500019,30.1842448207429,42,500,0.1,rhc,relu,True,True,5,"[500, 500, 10]",0.1,500,0
28,28,5.89195603899861,30.1842448207429,43,500,0.1,rhc,relu,True,True,5,"[500, 500, 10]",0.1,500,0
29,29,5.95735176599919,30.1842448207429,44,500,0.1,rhc,relu,True,True,5,"[500, 500, 10]",0.1,500,0
30,30,6.02322933300093,30.1842448207429,45,500,0.1,rhc,relu,True,True,5,"[500, 500, 10]",0.1,500,0
31,31,6.15397057099835,30.1841563023773,47,500,0.1,rhc,relu,True,True,5,"[500, 500, 10]",0.1,500,0
32,32,6.22075154299819,30.1841563023773,48,500,0.1,rhc,relu,True,True,5,"[500, 500, 10]",0.1,500,0
33,33,6.84836094400089,30.1838612311212,50,500,0.1,rhc,relu,True,True,5,"[500, 500, 10]",0.1,500,0
34,34,6.98300334300075,30.18118278684,52,500,0.1,rhc,relu,True,True,5,"[500, 500, 10]",0.1,500,0
35,35,7.04933055199945,30.18118278684,53,500,0.1,rhc,relu,True,True,5,"[500, 500, 10]",0.1,500,0
36,36,7.11575148799966,30.18118278684,54,500,0.1,rhc,relu,True,True,5,"[500, 500, 10]",0.1,500,0
37,37,7.25109139900087,30.1794060146928,56,500,0.1,rhc,relu,True,True,5,"[500, 500, 10]",0.1,500,0
38,38,7.31981670000096,30.1794060146928,57,500,0.1,rhc,relu,True,True,5,"[500, 500, 10]",0.1,500,0
39,39,7.38820864599984,30.1794060146928,58,500,0.1,rhc,relu,True,True,5,"[500, 500, 10]",0.1,500,0
40,40,7.52411434600072,30.1778361811116,60,500,0.1,rhc,relu,True,True,5,"[500, 500, 10]",0.1,500,0
41,41,7.66150446599932,30.1778132007604,62,500,0.1,rhc,relu,True,True,5,"[500, 500, 10]",0.1,500,0
42,42,7.79727523099791,30.1776452176421,64,500,0.1,rhc,relu,True,True,5,"[500, 500, 10]",0.1,500,0
43,43,7.8662522429986,30.1776452176421,65,500,0.1,rhc,relu,True,True,5,"[500, 500, 10]",0.1,500,0
44,44,7.93514600399794,30.1776452176421,66,500,0.1,rhc,relu,True,True,5,"[500, 500, 10]",0.1,500,0
45,45,8.07208215100036,30.1716109529212,68,500,0.1,rhc,relu,True,True,5,"[500, 500, 10]",0.1,500,0
46,46,8.1413054959994,30.1716109529212,69,500,0.1,rhc,relu,True,True,5,"[500, 500, 10]",0.1,500,0
47,47,8.23025087600036,30.1716109529212,70,500,0.1,rhc,relu,True,True,5,"[500, 500, 10]",0.1,500,0
48,48,8.37121096600095,30.17159277228,72,500,0.1,rhc,relu,True,True,5,"[500, 500, 10]",0.1,500,0
49,49,8.44001435099926,30.17159277228,73,500,0.1,rhc,relu,True,True,5,"[500, 500, 10]",0.1,500,0
50,50,8.50909549700009,30.17159277228,74,500,0.1,rhc,relu,True,True,5,"[500, 500, 10]",0.1,500,0
51,51,8.57826506399942,30.17159277228,75,500,0.1,rhc,relu,True,True,5,"[500, 500, 10]",0.1,500,0
52,52,8.64741856600085,30.17159277228,76,500,0.1,rhc,relu,True,True,5,"[500, 500, 10]",0.1,500,0
53,53,8.71659721199831,30.17159277228,77,500,0.1,rhc,relu,True,True,5,"[500, 500, 10]",0.1,500,0
54,54,8.85277382799904,30.164528872542,79,500,0.1,rhc,relu,True,True,5,"[500, 500, 10]",0.1,500,0
55,55,8.98861925500023,30.1645277228893,81,500,0.1,rhc,relu,True,True,5,"[500, 500, 10]",0.1,500,0
56,56,9.12536438399911,30.1628872917117,83,500,0.1,rhc,relu,True,True,5,"[500, 500, 10]",0.1,500,0
57,57,9.19459736700082,30.1628872917117,84,500,0.1,rhc,relu,True,True,5,"[500, 500, 10]",0.1,500,0
58,58,9.26344552099909,30.1628872917117,85,500,0.1,rhc,relu,True,True,5,"[500, 500, 10]",0.1,500,0
59,59,9.33251290800035,30.1628872917117,86,500,0.1,rhc,relu,True,True,5,"[500, 500, 10]",0.1,500,0
60,60,9.47197740399861,30.1617910204729,88,500,0.1,rhc,relu,True,True,5,"[500, 500, 10]",0.1,500,0
61,61,9.54080215999784,30.1617910204729,89,500,0.1,rhc,relu,True,True,5,"[500, 500, 10]",0.1,500,0
62,62,9.67726610599857,30.161459285521,91,500,0.1,rhc,relu,True,True,5,"[500, 500, 10]",0.1,500,0
63,63,9.83202228400114,30.160655399931,93,500,0.1,rhc,relu,True,True,5,"[500, 500, 10]",0.1,500,0
64,64,9.97781152500102,30.1605304237206,95,500,0.1,rhc,relu,True,True,5,"[500, 500, 10]",0.1,500,0
65,65,10.5398142070007,30.1605304237206,96,500,0.1,rhc,relu,True,True,5,"[500, 500, 10]",0.1,500,0
66,66,10.6058717560009,30.1605304237206,97,500,0.1,rhc,relu,True,True,5,"[500, 500, 10]",0.1,500,0
67,67,10.7367690909996,30.1604235313507,99,500,0.1,rhc,relu,True,True,5,"[500, 500, 10]",0.1,500,0
68,68,10.869854782999,30.1598962863071,101,500,0.1,rhc,relu,True,True,5,"[500, 500, 10]",0.1,500,0
69,69,10.93825965,30.1598962863071,102,500,0.1,rhc,relu,True,True,5,"[500, 500, 10]",0.1,500,0
70,70,11.0739514230008,30.1592455436615,104,500,0.1,rhc,relu,True,True,5,"[500, 500, 10]",0.1,500,0
71,71,11.2100349409993,30.1592455436285,106,500,0.1,rhc,relu,True,True,5,"[500, 500, 10]",0.1,500,0
72,72,11.3463981050008,30.1414575984078,108,500,0.1,rhc,relu,True,True,5,"[500, 500, 10]",0.1,500,0
73,73,11.5006143350001,30.1403240489021,110,500,0.1,rhc,relu,True,True,5,"[500, 500, 10]",0.1,500,0
74,74,11.5719000419995,30.1403240489021,111,500,0.1,rhc,relu,True,True,5,"[500, 500, 10]",0.1,500,0
75,75,11.7094408810008,30.0838548858635,113,500,0.1,rhc,relu,True,True,5,"[500, 500, 10]",0.1,500,0
76,76,11.7783464439999,30.0838548858635,114,500,0.1,rhc,relu,True,True,5,"[500, 500, 10]",0.1,500,0
77,77,11.8475321439983,30.0838548858635,115,500,0.1,rhc,relu,True,True,5,"[500, 500, 10]",0.1,500,0
78,78,11.9207822249991,30.0838548858635,116,500,0.1,rhc,relu,True,True,5,"[500, 500, 10]",0.1,500,0
79,79,11.9899203629975,30.0838548858635,117,500,0.1,rhc,relu,True,True,5,"[500, 500, 10]",0.1,500,0
80,80,12.1262657869993,30.0807095666495,119,500,0.1,rhc,relu,True,True,5,"[500, 500, 10]",0.1,500,0
81,81,12.2624610509993,30.0800774471787,121,500,0.1,rhc,relu,True,True,5,"[500, 500, 10]",0.1,500,0
82,82,12.3315419879982,30.0800774471787,122,500,0.1,rhc,relu,True,True,5,"[500, 500, 10]",0.1,500,0
83,83,12.4708713399996,30.0798912531241,124,500,0.1,rhc,relu,True,True,5,"[500, 500, 10]",0.1,500,0
84,84,12.540670041999,30.0798912531241,125,500,0.1,rhc,relu,True,True,5,"[500, 500, 10]",0.1,500,0
85,85,12.6095873390004,30.0798912531241,126,500,0.1,rhc,relu,True,True,5,"[500, 500, 10]",0.1,500,0
86,86,12.6784365399981,30.0798912531241,127,500,0.1,rhc,relu,True,True,5,"[500, 500, 10]",0.1,500,0
87,87,12.7475689509993,30.0798912531241,128,500,0.1,rhc,relu,True,True,5,"[500, 500, 10]",0.1,500,0
88,88,12.8168844860011,30.0798912531241,129,500,0.1,rhc,relu,True,True,5,"[500, 500, 10]",0.1,500,0
89,89,12.9531564370009,30.0770325180406,131,500,0.1,rhc,relu,True,True,5,"[500, 500, 10]",0.1,500,0
90,90,13.095597735999,30.0767567099317,133,500,0.1,rhc,relu,True,True,5,"[500, 500, 10]",0.1,500,0
91,91,13.2405896609998,30.0724684084046,135,500,0.1,rhc,relu,True,True,5,"[500, 500, 10]",0.1,500,0
92,92,13.3100225319977,30.0724684084046,136,500,0.1,rhc,relu,True,True,5,"[500, 500, 10]",0.1,500,0
93,93,13.3788043349996,30.0724684084046,137,500,0.1,rhc,relu,True,True,5,"[500, 500, 10]",0.1,500,0
94,94,13.4477656329982,30.0724684084046,138,500,0.1,rhc,relu,True,True,5,"[500, 500, 10]",0.1,500,0
95,95,13.516840843,30.0724684084046,139,500,0.1,rhc,relu,True,True,5,"[500, 500, 10]",0.1,500,0
96,96,13.5860795519984,30.0724684084046,140,500,0.1,rhc,relu,True,True,5,"[500, 500, 10]",0.1,500,0
97,97,13.7232530229994,30.0723081711665,142,500,0.1,rhc,relu,True,True,5,"[500, 500, 10]",0.1,500,0
98,98,13.8597512619999,30.0718371275819,144,500,0.1,rhc,relu,True,True,5,"[500, 500, 10]",0.1,500,0
99,99,13.9289307449981,30.0718371275819,145,500,0.1,rhc,relu,True,True,5,"[500, 500, 10]",0.1,500,0
100,100,14.0657461359988,30.0716244936297,147,500,0.1,rhc,relu,True,True,5,"[500, 500, 10]",0.1,500,0
101,101,14.2021776059992,30.0709351130079,149,500,0.1,rhc,relu,True,True,5,"[500, 500, 10]",0.1,500,0
102,102,14.2712563780005,30.0709351130079,150,500,0.1,rhc,relu,True,True,5,"[500, 500, 10]",0.1,500,0
103,103,14.3405062620004,30.0709351130079,151,500,0.1,rhc,relu,True,True,5,"[500, 500, 10]",0.1,500,0
104,104,14.4098338809999,30.0709351130079,152,500,0.1,rhc,relu,True,True,5,"[500, 500, 10]",0.1,500,0
105,105,14.5469636999987,30.0707328294699,154,500,0.1,rhc,relu,True,True,5,"[500, 500, 10]",0.1,500,0
106,106,14.6161616919999,30.0707328294699,155,500,0.1,rhc,relu,True,True,5,"[500, 500, 10]",0.1,500,0
107,107,14.7773582730006,30.0704388675099,157,500,0.1,rhc,relu,True,True,5,"[500, 500, 10]",0.1,500,0
108,108,14.8467002789985,30.0704388675099,158,500,0.1,rhc,relu,True,True,5,"[500, 500, 10]",0.1,500,0
109,109,14.9161281209999,30.0704388675099,159,500,0.1,rhc,relu,True,True,5,"[500, 500, 10]",0.1,500,0
110,110,14.9856459889998,30.0704388675099,160,500,0.1,rhc,relu,True,True,5,"[500, 500, 10]",0.1,500,0
111,111,15.0545688040002,30.0704388675099,161,500,0.1,rhc,relu,True,True,5,"[500, 500, 10]",0.1,500,0
112,112,15.1915975619995,30.0685570982633,163,500,0.1,rhc,relu,True,True,5,"[500, 500, 10]",0.1,500,0
113,113,15.260688205999,30.0685570982633,164,500,0.1,rhc,relu,True,True,5,"[500, 500, 10]",0.1,500,0
114,114,15.3296242209981,30.0685570982633,165,500,0.1,rhc,relu,True,True,5,"[500, 500, 10]",0.1,500,0
115,115,15.466775203,30.0659216452611,167,500,0.1,rhc,relu,True,True,5,"[500, 500, 10]",0.1,500,0
116,116,15.5362663209999,30.0659216452611,168,500,0.1,rhc,relu,True,True,5,"[500, 500, 10]",0.1,500,0
117,117,15.6059285519987,30.0659216452611,169,500,0.1,rhc,relu,True,True,5,"[500, 500, 10]",0.1,500,0
118,118,15.7429234369993,30.0657493854055,171,500,0.1,rhc,relu,True,True,5,"[500, 500, 10]",0.1,500,0
119,119,15.8119471729988,30.0657493854055,172,500,0.1,rhc,relu,True,True,5,"[500, 500, 10]",0.1,500,0
120,120,15.9492596989985,30.0629349594202,174,500,0.1,rhc,relu,True,True,5,"[500, 500, 10]",0.1,500,0
121,121,16.0857765849978,30.0627398598255,176,500,0.1,rhc,relu,True,True,5,"[500, 500, 10]",0.1,500,0
122,122,16.1548088419986,30.0627398598255,177,500,0.1,rhc,relu,True,True,5,"[500, 500, 10]",0.1,500,0
123,123,16.2244467689998,30.0627398598255,178,500,0.1,rhc,relu,True,True,5,"[500, 500, 10]",0.1,500,0
124,124,16.2935853249983,30.0627398598255,179,500,0.1,rhc,relu,True,True,5,"[500, 500, 10]",0.1,500,0
125,125,16.370728326001,30.0627398598255,180,500,0.1,rhc,relu,True,True,5,"[500, 500, 10]",0.1,500,0
126,126,16.441380496999,30.0627398598255,181,500,0.1,rhc,relu,True,True,5,"[500, 500, 10]",0.1,500,0
127,127,16.5109868539985,30.0627398598255,182,500,0.1,rhc,relu,True,True,5,"[500, 500, 10]",0.1,500,0
128,128,16.6473739040011,30.0576504362202,184,500,0.1,rhc,relu,True,True,5,"[500, 500, 10]",0.1,500,0
129,129,17.2755628539999,30.0520264995547,186,500,0.1,rhc,relu,True,True,5,"[500, 500, 10]",0.1,500,0
130,130,17.4062683329976,30.0479665729488,188,500,0.1,rhc,relu,True,True,5,"[500, 500, 10]",0.1,500,0
131,131,17.5418740610003,30.0449115996999,190,500,0.1,rhc,relu,True,True,5,"[500, 500, 10]",0.1,500,0
132,132,17.6119200739995,30.0449115996999,191,500,0.1,rhc,relu,True,True,5,"[500, 500, 10]",0.1,500,0
133,133,17.680651800998,30.0449115996999,192,500,0.1,rhc,relu,True,True,5,"[500, 500, 10]",0.1,500,0
134,134,17.7492300160011,30.0449115996999,193,500,0.1,rhc,relu,True,True,5,"[500, 500, 10]",0.1,500,0
135,135,17.8858004009999,30.0437733936396,195,500,0.1,rhc,relu,True,True,5,"[500, 500, 10]",0.1,500,0
136,136,18.0466692839982,30.0396581401942,197,500,0.1,rhc,relu,True,True,5,"[500, 500, 10]",0.1,500,0
137,137,18.1865535299985,30.0396025358262,199,500,0.1,rhc,relu,True,True,5,"[500, 500, 10]",0.1,500,0
138,138,18.2571034520006,30.0396025358262,200,500,0.1,rhc,relu,True,True,5,"[500, 500, 10]",0.1,500,0
139,139,18.3972121000006,30.0354596838123,202,500,0.1,rhc,relu,True,True,5,"[500, 500, 10]",0.1,500,0
140,140,18.4675947510004,30.0354596838123,203,500,0.1,rhc,relu,True,True,5,"[500, 500, 10]",0.1,500,0
141,141,18.5383630680008,30.0354596838123,204,500,0.1,rhc,relu,True,True,5,"[500, 500, 10]",0.1,500,0
142,142,18.6781848749997,30.0345804776285,206,500,0.1,rhc,relu,True,True,5,"[500, 500, 10]",0.1,500,0
143,143,18.7487215969995,30.0345804776285,207,500,0.1,rhc,relu,True,True,5,"[500, 500, 10]",0.1,500,0
144,144,18.8196085769996,30.0345804776285,208,500,0.1,rhc,relu,True,True,5,"[500, 500, 10]",0.1,500,0
145,145,18.9608342760002,30.0340156725398,210,500,0.1,rhc,relu,True,True,5,"[500, 500, 10]",0.1,500,0
146,146,19.1007238999991,30.0291704882323,212,500,0.1,rhc,relu,True,True,5,"[500, 500, 10]",0.1,500,0
147,147,19.1709732220006,30.0291704882323,213,500,0.1,rhc,relu,True,True,5,"[500, 500, 10]",0.1,500,0
148,148,19.2415709859997,30.0291704882323,214,500,0.1,rhc,relu,True,True,5,"[500, 500, 10]",0.1,500,0
149,149,19.3126703550006,30.0291704882323,215,500,0.1,rhc,relu,True,True,5,"[500, 500, 10]",0.1,500,0
150,150,19.4520689189994,30.0261837285518,217,500,0.1,rhc,relu,True,True,5,"[500, 500, 10]",0.1,500,0
151,151,19.6170861339997,30.022849934674,219,500,0.1,rhc,relu,True,True,5,"[500, 500, 10]",0.1,500,0
152,152,19.6896122340004,30.022849934674,220,500,0.1,rhc,relu,True,True,5,"[500, 500, 10]",0.1,500,0
153,153,19.8296923159978,30.0227944310712,222,500,0.1,rhc,relu,True,True,5,"[500, 500, 10]",0.1,500,0
154,154,19.9693492259976,30.0206135171943,224,500,0.1,rhc,relu,True,True,5,"[500, 500, 10]",0.1,500,0
155,155,20.0404719219987,30.0206135171943,225,500,0.1,rhc,relu,True,True,5,"[500, 500, 10]",0.1,500,0
156,156,20.1143121679997,30.0206135171943,226,500,0.1,rhc,relu,True,True,5,"[500, 500, 10]",0.1,500,0
157,157,20.1851684169997,30.0206135171943,227,500,0.1,rhc,relu,True,True,5,"[500, 500, 10]",0.1,500,0
158,158,20.2564471389996,30.0206135171943,228,500,0.1,rhc,relu,True,True,5,"[500, 500, 10]",0.1,500,0
159,159,20.3274798089988,30.0206135171943,229,500,0.1,rhc,relu,True,True,5,"[500, 500, 10]",0.1,500,0
160,160,20.4675290909981,30.0160599565359,231,500,0.1,rhc,relu,True,True,5,"[500, 500, 10]",0.1,500,0
161,161,20.5385396210004,30.0160599565359,232,500,0.1,rhc,relu,True,True,5,"[500, 500, 10]",0.1,500,0
162,162,20.6789398580004,30.0159824930603,234,500,0.1,rhc,relu,True,True,5,"[500, 500, 10]",0.1,500,0
163,163,20.8187926749997,30.0155752225248,236,500,0.1,rhc,relu,True,True,5,"[500, 500, 10]",0.1,500,0
164,164,20.8899851429997,30.0155752225248,237,500,0.1,rhc,relu,True,True,5,"[500, 500, 10]",0.1,500,0
165,165,20.9611827089975,30.0155752225248,238,500,0.1,rhc,relu,True,True,5,"[500, 500, 10]",0.1,500,0
166,166,21.0322744650002,30.0155752225248,239,500,0.1,rhc,relu,True,True,5,"[500, 500, 10]",0.1,500,0
167,167,21.1904852339976,30.0155505411264,241,500,0.1,rhc,relu,True,True,5,"[500, 500, 10]",0.1,500,0
168,168,21.3377799189984,30.0154289531935,243,500,0.1,rhc,relu,True,True,5,"[500, 500, 10]",0.1,500,0
169,169,21.4093368920003,30.0154289531935,244,500,0.1,rhc,relu,True,True,5,"[500, 500, 10]",0.1,500,0
170,170,21.4805267759984,30.0154289531935,245,500,0.1,rhc,relu,True,True,5,"[500, 500, 10]",0.1,500,0
171,171,21.622386220999,30.0153423056699,247,500,0.1,rhc,relu,True,True,5,"[500, 500, 10]",0.1,500,0
172,172,21.7632434339976,30.0128503988162,249,500,0.1,rhc,relu,True,True,5,"[500, 500, 10]",0.1,500,0
173,173,21.8345601510009,30.0128503988162,250,500,0.1,rhc,relu,True,True,5,"[500, 500, 10]",0.1,500,0
174,174,21.9056706949996,30.0128503988162,251,500,0.1,rhc,relu,True,True,5,"[500, 500, 10]",0.1,500,0
175,175,22.0470652719996,30.0108889593766,253,500,0.1,rhc,relu,True,True,5,"[500, 500, 10]",0.1,500,0
176,176,22.1881239789982,30.0107600943882,255,500,0.1,rhc,relu,True,True,5,"[500, 500, 10]",0.1,500,0
177,177,22.3292319249995,30.0106157447908,257,500,0.1,rhc,relu,True,True,5,"[500, 500, 10]",0.1,500,0
178,178,22.4005481530003,30.0106157447908,258,500,0.1,rhc,relu,True,True,5,"[500, 500, 10]",0.1,500,0
179,179,22.4720821480005,30.0106157447908,259,500,0.1,rhc,relu,True,True,5,"[500, 500, 10]",0.1,500,0
180,180,22.5435504220004,30.0106157447908,260,500,0.1,rhc,relu,True,True,5,"[500, 500, 10]",0.1,500,0
181,181,22.6150375529978,30.0106157447908,261,500,0.1,rhc,relu,True,True,5,"[500, 500, 10]",0.1,500,0
182,182,22.6865811860007,30.0106157447908,262,500,0.1,rhc,relu,True,True,5,"[500, 500, 10]",0.1,500,0
183,183,22.7675066169977,30.0106157447908,263,500,0.1,rhc,relu,True,True,5,"[500, 500, 10]",0.1,500,0
184,184,22.8471575019976,30.0106157447908,264,500,0.1,rhc,relu,True,True,5,"[500, 500, 10]",0.1,500,0
185,185,22.9900680680003,30.0102350792386,266,500,0.1,rhc,relu,True,True,5,"[500, 500, 10]",0.1,500,0
186,186,23.0623129839987,30.0102350792386,267,500,0.1,rhc,relu,True,True,5,"[500, 500, 10]",0.1,500,0
187,187,23.1339153549998,30.0102350792386,268,500,0.1,rhc,relu,True,True,5,"[500, 500, 10]",0.1,500,0
188,188,23.3038724199978,30.0068183619985,270,500,0.1,rhc,relu,True,True,5,"[500, 500, 10]",0.1,500,0
189,189,23.460004831999,30.0067195476011,272,500,0.1,rhc,relu,True,True,5,"[500, 500, 10]",0.1,500,0
190,190,23.6025314079998,30.0064275658629,274,500,0.1,rhc,relu,True,True,5,"[500, 500, 10]",0.1,500,0
191,191,23.7442981729982,30.0062621852704,276,500,0.1,rhc,relu,True,True,5,"[500, 500, 10]",0.1,500,0
192,192,23.8864340519976,30.0060454407581,278,500,0.1,rhc,relu,True,True,5,"[500, 500, 10]",0.1,500,0
193,193,23.9613949119994,30.0060454407581,279,500,0.1,rhc,relu,True,True,5,"[500, 500, 10]",0.1,500,0
194,194,24.0331832009979,30.0060454407581,280,500,0.1,rhc,relu,True,True,5,"[500, 500, 10]",0.1,500,0
195,195,24.1051697019975,30.0060454407581,281,500,0.1,rhc,relu,True,True,5,"[500, 500, 10]",0.1,500,0
196,196,24.1768099269975,30.0060454407581,282,500,0.1,rhc,relu,True,True,5,"[500, 500, 10]",0.1,500,0
197,197,24.3194988850009,30.0056245430602,284,500,0.1,rhc,relu,True,True,5,"[500, 500, 10]",0.1,500,0
198,198,24.4005187420007,30.0056245430602,285,500,0.1,rhc,relu,True,True,5,"[500, 500, 10]",0.1,500,0
199,199,24.4816158440008,30.0056245430602,286,500,0.1,rhc,relu,True,True,5,"[500, 500, 10]",0.1,500,0
200,200,24.5607869140003,30.0056245430602,287,500,0.1,rhc,relu,True,True,5,"[500, 500, 10]",0.1,500,0
201,201,24.6332682450011,30.0056245430602,288,500,0.1,rhc,relu,True,True,5,"[500, 500, 10]",0.1,500,0
202,202,24.705607797001,30.0056245430602,289,500,0.1,rhc,relu,True,True,5,"[500, 500, 10]",0.1,500,0
203,203,24.7776897019976,30.0056245430602,290,500,0.1,rhc,relu,True,True,5,"[500, 500, 10]",0.1,500,0
204,204,24.8499245610001,30.0056245430602,291,500,0.1,rhc,relu,True,True,5,"[500, 500, 10]",0.1,500,0
205,205,24.9930305449998,30.0055486131788,293,500,0.1,rhc,relu,True,True,5,"[500, 500, 10]",0.1,500,0
206,206,25.1358890099982,30.005527921485,295,500,0.1,rhc,relu,True,True,5,"[500, 500, 10]",0.1,500,0
207,207,25.2080887379998,30.005527921485,296,500,0.1,rhc,relu,True,True,5,"[500, 500, 10]",0.1,500,0
208,208,25.2801001029984,30.005527921485,297,500,0.1,rhc,relu,True,True,5,"[500, 500, 10]",0.1,500,0
209,209,25.3525775919989,30.005527921485,298,500,0.1,rhc,relu,True,True,5,"[500, 500, 10]",0.1,500,0
210,210,25.4250058440011,30.005527921485,299,500,0.1,rhc,relu,True,True,5,"[500, 500, 10]",0.1,500,0
211,211,25.5680956939977,30.0025712306888,301,500,0.1,rhc,relu,True,True,5,"[500, 500, 10]",0.1,500,0
212,212,25.7128539990008,30.0003033134069,303,500,0.1,rhc,relu,True,True,5,"[500, 500, 10]",0.1,500,0
213,213,25.7854018889993,30.0003033134069,304,500,0.1,rhc,relu,True,True,5,"[500, 500, 10]",0.1,500,0
214,214,25.8577438860011,30.0003033134069,305,500,0.1,rhc,relu,True,True,5,"[500, 500, 10]",0.1,500,0
215,215,25.9301112350004,30.0003033134069,306,500,0.1,rhc,relu,True,True,5,"[500, 500, 10]",0.1,500,0
216,216,26.0024826339977,30.0003033134069,307,500,0.1,rhc,relu,True,True,5,"[500, 500, 10]",0.1,500,0
217,217,26.1792631169992,29.9993362910159,309,500,0.1,rhc,relu,True,True,5,"[500, 500, 10]",0.1,500,0
218,218,26.2514089969991,29.9993362910159,310,500,0.1,rhc,relu,True,True,5,"[500, 500, 10]",0.1,500,0
219,219,26.3941110150008,29.9983349067461,312,500,0.1,rhc,relu,True,True,5,"[500, 500, 10]",0.1,500,0
220,220,26.4665488350001,29.9983349067461,313,500,0.1,rhc,relu,True,True,5,"[500, 500, 10]",0.1,500,0
221,221,26.5388746280005,29.9983349067461,314,500,0.1,rhc,relu,True,True,5,"[500, 500, 10]",0.1,500,0
222,222,26.6823822029983,29.9983174868495,316,500,0.1,rhc,relu,True,True,5,"[500, 500, 10]",0.1,500,0
223,223,26.7550577649999,29.9983174868495,317,500,0.1,rhc,relu,True,True,5,"[500, 500, 10]",0.1,500,0
224,224,26.8276203919995,29.9983174868495,318,500,0.1,rhc,relu,True,True,5,"[500, 500, 10]",0.1,500,0
225,225,26.9024999549983,29.9983174868495,319,500,0.1,rhc,relu,True,True,5,"[500, 500, 10]",0.1,500,0
226,226,26.9751841769976,29.9983174868495,320,500,0.1,rhc,relu,True,True,5,"[500, 500, 10]",0.1,500,0
227,227,27.0479234339982,29.9983174868495,321,500,0.1,rhc,relu,True,True,5,"[500, 500, 10]",0.1,500,0
228,228,27.1911078509984,29.9968941151964,323,500,0.1,rhc,relu,True,True,5,"[500, 500, 10]",0.1,500,0
229,229,27.2637445100008,29.9968941151964,324,500,0.1,rhc,relu,True,True,5,"[500, 500, 10]",0.1,500,0
230,230,27.3365853180003,29.9968941151964,325,500,0.1,rhc,relu,True,True,5,"[500, 500, 10]",0.1,500,0
231,231,27.4807105750006,29.9966738222061,327,500,0.1,rhc,relu,True,True,5,"[500, 500, 10]",0.1,500,0
232,232,27.6246842049986,29.9951989550201,329,500,0.1,rhc,relu,True,True,5,"[500, 500, 10]",0.1,500,0
233,233,27.7773715949988,29.9950094252712,331,500,0.1,rhc,relu,True,True,5,"[500, 500, 10]",0.1,500,0
234,234,27.8502526310003,29.9950094252712,332,500,0.1,rhc,relu,True,True,5,"[500, 500, 10]",0.1,500,0
235,235,27.9257139779984,29.9950094252712,333,500,0.1,rhc,relu,True,True,5,"[500, 500, 10]",0.1,500,0
236,236,28.070103727001,29.9929771155954,335,500,0.1,rhc,relu,True,True,5,"[500, 500, 10]",0.1,500,0
237,237,28.2139421430002,29.9928689280038,337,500,0.1,rhc,relu,True,True,5,"[500, 500, 10]",0.1,500,0
238,238,28.2867481699977,29.9928689280038,338,500,0.1,rhc,relu,True,True,5,"[500, 500, 10]",0.1,500,0
239,239,28.4300749939976,29.9911759320956,340,500,0.1,rhc,relu,True,True,5,"[500, 500, 10]",0.1,500,0
240,240,28.5750185190009,29.9909294853254,342,500,0.1,rhc,relu,True,True,5,"[500, 500, 10]",0.1,500,0
241,241,28.7190129629998,29.9909219019176,344,500,0.1,rhc,relu,True,True,5,"[500, 500, 10]",0.1,500,0
242,242,28.8630592289992,29.9909048489598,346,500,0.1,rhc,relu,True,True,5,"[500, 500, 10]",0.1,500,0
243,243,29.0069460459999,29.9909019544544,348,500,0.1,rhc,relu,True,True,5,"[500, 500, 10]",0.1,500,0
244,244,29.0799263970002,29.9909019544544,349,500,0.1,rhc,relu,True,True,5,"[500, 500, 10]",0.1,500,0
245,245,29.1528695929992,29.9909019544544,350,500,0.1,rhc,relu,True,True,5,"[500, 500, 10]",0.1,500,0
246,246,29.2975759350011,29.9836477236508,352,500,0.1,rhc,relu,True,True,5,"[500, 500, 10]",0.1,500,0
247,247,29.4593964150008,29.9835349331092,354,500,0.1,rhc,relu,True,True,5,"[500, 500, 10]",0.1,500,0
248,248,29.5325070920007,29.9835349331092,355,500,0.1,rhc,relu,True,True,5,"[500, 500, 10]",0.1,500,0
249,249,29.6056204220004,29.9835349331092,356,500,0.1,rhc,relu,True,True,5,"[500, 500, 10]",0.1,500,0
250,250,29.6786935239979,29.9835349331092,357,500,0.1,rhc,relu,True,True,5,"[500, 500, 10]",0.1,500,0
251,251,29.7514818800009,29.9835349331092,358,500,0.1,rhc,relu,True,True,5,"[500, 500, 10]",0.1,500,0
252,252,29.8957702879998,29.9767464956831,360,500,0.1,rhc,relu,True,True,5,"[500, 500, 10]",0.1,500,0
253,253,29.9684280399997,29.9767464956831,361,500,0.1,rhc,relu,True,True,5,"[500, 500, 10]",0.1,500,0
254,254,30.0412808599976,29.9767464956831,362,500,0.1,rhc,relu,True,True,5,"[500, 500, 10]",0.1,500,0
255,255,30.114607558,29.9767464956831,363,500,0.1,rhc,relu,True,True,5,"[500, 500, 10]",0.1,500,0
256,256,30.2586318239992,29.9765893255325,365,500,0.1,rhc,relu,True,True,5,"[500, 500, 10]",0.1,500,0
257,257,30.8361124559997,29.9765893255325,366,500,0.1,rhc,relu,True,True,5,"[500, 500, 10]",0.1,500,0
258,258,31.0000578769977,29.9761120536065,368,500,0.1,rhc,relu,True,True,5,"[500, 500, 10]",0.1,500,0
259,259,31.1523165069993,29.9645056494553,370,500,0.1,rhc,relu,True,True,5,"[500, 500, 10]",0.1,500,0
260,260,31.2243230519998,29.9645056494553,371,500,0.1,rhc,relu,True,True,5,"[500, 500, 10]",0.1,500,0
261,261,31.3656252289984,29.9603554995829,373,500,0.1,rhc,relu,True,True,5,"[500, 500, 10]",0.1,500,0
262,262,31.4380215620004,29.9603554995829,374,500,0.1,rhc,relu,True,True,5,"[500, 500, 10]",0.1,500,0
263,263,31.5107439870008,29.9603554995829,375,500,0.1,rhc,relu,True,True,5,"[500, 500, 10]",0.1,500,0
264,264,31.6551597170001,29.9591595021348,377,500,0.1,rhc,relu,True,True,5,"[500, 500, 10]",0.1,500,0
265,265,31.798935554998,29.9582578918353,379,500,0.1,rhc,relu,True,True,5,"[500, 500, 10]",0.1,500,0
266,266,31.8719589989996,29.9582578918353,380,500,0.1,rhc,relu,True,True,5,"[500, 500, 10]",0.1,500,0
267,267,31.9450575240007,29.9582578918353,381,500,0.1,rhc,relu,True,True,5,"[500, 500, 10]",0.1,500,0
268,268,32.0893831579997,29.9578378818947,383,500,0.1,rhc,relu,True,True,5,"[500, 500, 10]",0.1,500,0
269,269,32.2339195739987,29.9515565974705,385,500,0.1,rhc,relu,True,True,5,"[500, 500, 10]",0.1,500,0
270,270,32.3070841689987,29.9515565974705,386,500,0.1,rhc,relu,True,True,5,"[500, 500, 10]",0.1,500,0
271,271,32.4523720149991,29.9451562282053,388,500,0.1,rhc,relu,True,True,5,"[500, 500, 10]",0.1,500,0
272,272,32.5395130279976,29.9451562282053,389,500,0.1,rhc,relu,True,True,5,"[500, 500, 10]",0.1,500,0
273,273,32.7035488939982,29.9428353339167,391,500,0.1,rhc,relu,True,True,5,"[500, 500, 10]",0.1,500,0
274,274,32.850077133,29.9417191247286,393,500,0.1,rhc,relu,True,True,5,"[500, 500, 10]",0.1,500,0
275,275,32.9240122240008,29.9417191247286,394,500,0.1,rhc,relu,True,True,5,"[500, 500, 10]",0.1,500,0
276,276,33.0692239429991,29.9399190702513,396,500,0.1,rhc,relu,True,True,5,"[500, 500, 10]",0.1,500,0
277,277,33.2151432299979,29.936957019446,398,500,0.1,rhc,relu,True,True,5,"[500, 500, 10]",0.1,500,0
278,278,33.3605116029976,29.9353275582256,400,500,0.1,rhc,relu,True,True,5,"[500, 500, 10]",0.1,500,0
279,279,33.4340784880005,29.9353275582256,401,500,0.1,rhc,relu,True,True,5,"[500, 500, 10]",0.1,500,0
280,280,33.5075855869982,29.9353275582256,402,500,0.1,rhc,relu,True,True,5,"[500, 500, 10]",0.1,500,0
281,281,33.6525795380003,29.9348809549822,404,500,0.1,rhc,relu,True,True,5,"[500, 500, 10]",0.1,500,0
282,282,33.7267950450005,29.9348809549822,405,500,0.1,rhc,relu,True,True,5,"[500, 500, 10]",0.1,500,0
283,283,33.8717334719986,29.934866091101,407,500,0.1,rhc,relu,True,True,5,"[500, 500, 10]",0.1,500,0
284,284,34.0166868449996,29.9346294778683,409,500,0.1,rhc,relu,True,True,5,"[500, 500, 10]",0.1,500,0
285,285,34.1612801829979,29.9338118146648,411,500,0.1,rhc,relu,True,True,5,"[500, 500, 10]",0.1,500,0
286,286,34.2453709199981,29.9338118146648,412,500,0.1,rhc,relu,True,True,5,"[500, 500, 10]",0.1,500,0
287,287,34.4041170969977,29.9315651019017,414,500,0.1,rhc,relu,True,True,5,"[500, 500, 10]",0.1,500,0
288,288,34.5498365659987,29.9314195038118,416,500,0.1,rhc,relu,True,True,5,"[500, 500, 10]",0.1,500,0
289,289,34.6953707450011,29.9303668715554,418,500,0.1,rhc,relu,True,True,5,"[500, 500, 10]",0.1,500,0
290,290,34.8413057459984,29.9302355968035,420,500,0.1,rhc,relu,True,True,5,"[500, 500, 10]",0.1,500,0
291,291,34.9148178739997,29.9302355968035,421,500,0.1,rhc,relu,True,True,5,"[500, 500, 10]",0.1,500,0
292,292,34.9880375049979,29.9302355968035,422,500,0.1,rhc,relu,True,True,5,"[500, 500, 10]",0.1,500,0
293,293,35.1333618079989,29.9301931855909,424,500,0.1,rhc,relu,True,True,5,"[500, 500, 10]",0.1,500,0
294,294,35.2065688670009,29.9301931855909,425,500,0.1,rhc,relu,True,True,5,"[500, 500, 10]",0.1,500,0
295,295,35.2798185989996,29.9301931855909,426,500,0.1,rhc,relu,True,True,5,"[500, 500, 10]",0.1,500,0
296,296,35.4246292149983,29.9273255623862,428,500,0.1,rhc,relu,True,True,5,"[500, 500, 10]",0.1,500,0
297,297,35.4976815039991,29.9273255623862,429,500,0.1,rhc,relu,True,True,5,"[500, 500, 10]",0.1,500,0
298,298,35.5710749709979,29.9273255623862,430,500,0.1,rhc,relu,True,True,5,"[500, 500, 10]",0.1,500,0
299,299,35.6442011519976,29.9273255623862,431,500,0.1,rhc,relu,True,True,5,"[500, 500, 10]",0.1,500,0
300,300,35.7172847299989,29.9273255623862,432,500,0.1,rhc,relu,True,True,5,"[500, 500, 10]",0.1,500,0
301,301,35.7907013149998,29.9273255623862,433,500,0.1,rhc,relu,True,True,5,"[500, 500, 10]",0.1,500,0
302,302,35.960491318001,29.9269014465224,435,500,0.1,rhc,relu,True,True,5,"[500, 500, 10]",0.1,500,0
303,303,36.0335372509981,29.9269014465224,436,500,0.1,rhc,relu,True,True,5,"[500, 500, 10]",0.1,500,0
304,304,36.1071012719985,29.9269014465224,437,500,0.1,rhc,relu,True,True,5,"[500, 500, 10]",0.1,500,0
305,305,36.1803961219994,29.9269014465224,438,500,0.1,rhc,relu,True,True,5,"[500, 500, 10]",0.1,500,0
306,306,36.3252746939979,29.926783869778,440,500,0.1,rhc,relu,True,True,5,"[500, 500, 10]",0.1,500,0
307,307,36.399009757999,29.926783869778,441,500,0.1,rhc,relu,True,True,5,"[500, 500, 10]",0.1,500,0
308,308,36.5442364919982,29.9255809478224,443,500,0.1,rhc,relu,True,True,5,"[500, 500, 10]",0.1,500,0
309,309,36.6896987330001,29.9246853598734,445,500,0.1,rhc,relu,True,True,5,"[500, 500, 10]",0.1,500,0
310,310,36.8345578199987,29.9245245541926,447,500,0.1,rhc,relu,True,True,5,"[500, 500, 10]",0.1,500,0
311,311,36.9797165979981,29.918361187354,449,500,0.1,rhc,relu,True,True,5,"[500, 500, 10]",0.1,500,0
312,312,37.0530608259978,29.918361187354,450,500,0.1,rhc,relu,True,True,5,"[500, 500, 10]",0.1,500,0
313,313,37.197912091,29.9181542424537,452,500,0.1,rhc,relu,True,True,5,"[500, 500, 10]",0.1,500,0
314,314,37.2711891309991,29.9181542424537,453,500,0.1,rhc,relu,True,True,5,"[500, 500, 10]",0.1,500,0
315,315,37.4162131140001,29.918078205739,455,500,0.1,rhc,relu,True,True,5,"[500, 500, 10]",0.1,500,0
316,316,37.5098570400005,29.918078205739,456,500,0.1,rhc,relu,True,True,5,"[500, 500, 10]",0.1,500,0
317,317,37.661060847,29.9153399136951,458,500,0.1,rhc,relu,True,True,5,"[500, 500, 10]",0.1,500,0
318,318,37.8068343039995,29.9152160961829,460,500,0.1,rhc,relu,True,True,5,"[500, 500, 10]",0.1,500,0
319,319,37.9536912889998,29.9147015540459,462,500,0.1,rhc,relu,True,True,5,"[500, 500, 10]",0.1,500,0
320,320,38.0992427189995,29.9137358647459,464,500,0.1,rhc,relu,True,True,5,"[500, 500, 10]",0.1,500,0
321,321,38.1723574460011,29.9137358647459,465,500,0.1,rhc,relu,True,True,5,"[500, 500, 10]",0.1,500,0
322,322,38.3172444699994,29.912939233784,467,500,0.1,rhc,relu,True,True,5,"[500, 500, 10]",0.1,500,0
323,323,38.3907513599988,29.912939233784,468,500,0.1,rhc,relu,True,True,5,"[500, 500, 10]",0.1,500,0
324,324,38.5360087549998,29.9123781207709,470,500,0.1,rhc,relu,True,True,5,"[500, 500, 10]",0.1,500,0
325,325,38.6092932680003,29.9123781207709,471,500,0.1,rhc,relu,True,True,5,"[500, 500, 10]",0.1,500,0
326,326,38.7547353949994,29.9105637500761,473,500,0.1,rhc,relu,True,True,5,"[500, 500, 10]",0.1,500,0
327,327,38.8282255230006,29.9105637500761,474,500,0.1,rhc,relu,True,True,5,"[500, 500, 10]",0.1,500,0
328,328,38.9015212810009,29.9105637500761,475,500,0.1,rhc,relu,True,True,5,"[500, 500, 10]",0.1,500,0
329,329,38.9752597669976,29.9105637500761,476,500,0.1,rhc,relu,True,True,5,"[500, 500, 10]",0.1,500,0
330,330,39.048858498998,29.9105637500761,477,500,0.1,rhc,relu,True,True,5,"[500, 500, 10]",0.1,500,0
331,331,39.2044272870007,29.9077818370341,479,500,0.1,rhc,relu,True,True,5,"[500, 500, 10]",0.1,500,0
332,332,39.350236364,29.9077387481692,481,500,0.1,rhc,relu,True,True,5,"[500, 500, 10]",0.1,500,0
333,333,39.4957618119988,29.9073449185376,483,500,0.1,rhc,relu,True,True,5,"[500, 500, 10]",0.1,500,0
334,334,39.5697277029976,29.9073449185376,484,500,0.1,rhc,relu,True,True,5,"[500, 500, 10]",0.1,500,0
335,335,39.6426839589985,29.9073449185376,485,500,0.1,rhc,relu,True,True,5,"[500, 500, 10]",0.1,500,0
336,336,39.716460159998,29.9073449185376,486,500,0.1,rhc,relu,True,True,5,"[500, 500, 10]",0.1,500,0
337,337,39.7901766459981,29.9073449185376,487,500,0.1,rhc,relu,True,True,5,"[500, 500, 10]",0.1,500,0
338,338,39.8641843719997,29.9073449185376,488,500,0.1,rhc,relu,True,True,5,"[500, 500, 10]",0.1,500,0
339,339,39.9374236980002,29.9073449185376,489,500,0.1,rhc,relu,True,True,5,"[500, 500, 10]",0.1,500,0
340,340,40.083063965998,29.9071396676835,491,500,0.1,rhc,relu,True,True,5,"[500, 500, 10]",0.1,500,0
341,341,40.1571386709984,29.9071396676835,492,500,0.1,rhc,relu,True,True,5,"[500, 500, 10]",0.1,500,0
342,342,40.2307753280002,29.9071396676835,493,500,0.1,rhc,relu,True,True,5,"[500, 500, 10]",0.1,500,0
343,343,40.3767039039994,29.9071097257837,495,500,0.1,rhc,relu,True,True,5,"[500, 500, 10]",0.1,500,0
344,344,40.4502766549995,29.9071097257837,496,500,0.1,rhc,relu,True,True,5,"[500, 500, 10]",0.1,500,0
345,345,40.5239134510011,29.9071097257837,497,500,0.1,rhc,relu,True,True,5,"[500, 500, 10]",0.1,500,0
346,346,40.5979181039984,29.9071097257837,498,500,0.1,rhc,relu,True,True,5,"[500, 500, 10]",0.1,500,0
347,347,40.760249267998,29.905680516113,500,500,0.1,rhc,relu,True,True,5,"[500, 500, 10]",0.1,500,0
348,348,40.8350894399991,29.905680516113,501,500,0.1,rhc,relu,True,True,5,"[500, 500, 10]",0.1,500,0
349,349,40.9087395059978,29.905680516113,502,500,0.1,rhc,relu,True,True,5,"[500, 500, 10]",0.1,500,0
350,350,40.9820399439996,29.905680516113,503,500,0.1,rhc,relu,True,True,5,"[500, 500, 10]",0.1,500,0
351,351,41.0556254059993,29.905680516113,504,500,0.1,rhc,relu,True,True,5,"[500, 500, 10]",0.1,500,0
352,352,41.2010175260002,29.9044646429996,506,500,0.1,rhc,relu,True,True,5,"[500, 500, 10]",0.1,500,0
353,353,41.3462155550005,29.8999013173992,508,500,0.1,rhc,relu,True,True,5,"[500, 500, 10]",0.1,500,0
354,354,41.4197609980001,29.8999013173992,509,500,0.1,rhc,relu,True,True,5,"[500, 500, 10]",0.1,500,0
355,355,41.5651942549994,29.8998968317257,511,500,0.1,rhc,relu,True,True,5,"[500, 500, 10]",0.1,500,0
356,356,41.6388815469982,29.8998968317257,512,500,0.1,rhc,relu,True,True,5,"[500, 500, 10]",0.1,500,0
357,357,41.7843624359994,29.8995234805853,514,500,0.1,rhc,relu,True,True,5,"[500, 500, 10]",0.1,500,0
358,358,41.9336732480006,29.8995234805844,516,500,0.1,rhc,relu,True,True,5,"[500, 500, 10]",0.1,500,0
359,359,42.0071618389993,29.8995234805844,517,500,0.1,rhc,relu,True,True,5,"[500, 500, 10]",0.1,500,0
360,360,42.1592412539976,29.8988010572147,519,500,0.1,rhc,relu,True,True,5,"[500, 500, 10]",0.1,500,0
361,361,42.2356216509979,29.8988010572147,520,500,0.1,rhc,relu,True,True,5,"[500, 500, 10]",0.1,500,0
362,362,42.4044965149988,29.8986584737052,522,500,0.1,rhc,relu,True,True,5,"[500, 500, 10]",0.1,500,0
363,363,42.5502386829976,29.898564471507,524,500,0.1,rhc,relu,True,True,5,"[500, 500, 10]",0.1,500,0
364,364,42.6958014970005,29.8980498886208,526,500,0.1,rhc,relu,True,True,5,"[500, 500, 10]",0.1,500,0
365,365,42.8417923720008,29.897594628595,528,500,0.1,rhc,relu,True,True,5,"[500, 500, 10]",0.1,500,0
366,366,42.987044319998,29.8969768437026,530,500,0.1,rhc,relu,True,True,5,"[500, 500, 10]",0.1,500,0
367,367,43.0605449239993,29.8969768437026,531,500,0.1,rhc,relu,True,True,5,"[500, 500, 10]",0.1,500,0
368,368,43.2061855419997,29.8965449771309,533,500,0.1,rhc,relu,True,True,5,"[500, 500, 10]",0.1,500,0
369,369,43.3514974829996,29.8964644003342,535,500,0.1,rhc,relu,True,True,5,"[500, 500, 10]",0.1,500,0
370,370,43.4967733160011,29.8933675484026,537,500,0.1,rhc,relu,True,True,5,"[500, 500, 10]",0.1,500,0
371,371,43.570266308001,29.8933675484026,538,500,0.1,rhc,relu,True,True,5,"[500, 500, 10]",0.1,500,0
372,372,43.6438963990004,29.8933675484026,539,500,0.1,rhc,relu,True,True,5,"[500, 500, 10]",0.1,500,0
373,373,43.789782232001,29.8933420326447,541,500,0.1,rhc,relu,True,True,5,"[500, 500, 10]",0.1,500,0
374,374,43.9447406719992,29.893124969526,543,500,0.1,rhc,relu,True,True,5,"[500, 500, 10]",0.1,500,0
375,375,44.0312634439979,29.893124969526,544,500,0.1,rhc,relu,True,True,5,"[500, 500, 10]",0.1,500,0
376,376,44.106969307999,29.893124969526,545,500,0.1,rhc,relu,True,True,5,"[500, 500, 10]",0.1,500,0
377,377,44.2525088639995,29.8927504789257,547,500,0.1,rhc,relu,True,True,5,"[500, 500, 10]",0.1,500,0
378,378,44.3260950939985,29.8927504789257,548,500,0.1,rhc,relu,True,True,5,"[500, 500, 10]",0.1,500,0
379,379,44.3996520609981,29.8927504789257,549,500,0.1,rhc,relu,True,True,5,"[500, 500, 10]",0.1,500,0
380,380,44.5467907880011,29.8927025773659,551,500,0.1,rhc,relu,True,True,5,"[500, 500, 10]",0.1,500,0
381,381,44.6203529230006,29.8927025773659,552,500,0.1,rhc,relu,True,True,5,"[500, 500, 10]",0.1,500,0
382,382,44.7660025509977,29.892638518856,554,500,0.1,rhc,relu,True,True,5,"[500, 500, 10]",0.1,500,0
383,383,44.9111975769993,29.8926210102211,556,500,0.1,rhc,relu,True,True,5,"[500, 500, 10]",0.1,500,0
384,384,44.9849267739992,29.8926210102211,557,500,0.1,rhc,relu,True,True,5,"[500, 500, 10]",0.1,500,0
385,385,45.1305235309992,29.8924665831832,559,500,0.1,rhc,relu,True,True,5,"[500, 500, 10]",0.1,500,0
386,386,45.2039934050008,29.8924665831832,560,500,0.1,rhc,relu,True,True,5,"[500, 500, 10]",0.1,500,0
387,387,45.3497982209992,29.8906240101672,562,500,0.1,rhc,relu,True,True,5,"[500, 500, 10]",0.1,500,0
388,388,45.4235915319987,29.8906240101672,563,500,0.1,rhc,relu,True,True,5,"[500, 500, 10]",0.1,500,0
389,389,45.5696543449994,29.8895683811141,565,500,0.1,rhc,relu,True,True,5,"[500, 500, 10]",0.1,500,0
390,390,45.6626223409985,29.8895683811141,566,500,0.1,rhc,relu,True,True,5,"[500, 500, 10]",0.1,500,0
391,391,45.8097977350008,29.8888384985155,568,500,0.1,rhc,relu,True,True,5,"[500, 500, 10]",0.1,500,0
392,392,45.883656697999,29.8888384985155,569,500,0.1,rhc,relu,True,True,5,"[500, 500, 10]",0.1,500,0
393,393,45.9574567839991,29.8888384985155,570,500,0.1,rhc,relu,True,True,5,"[500, 500, 10]",0.1,500,0
394,394,46.1035737239981,29.883544767486,572,500,0.1,rhc,relu,True,True,5,"[500, 500, 10]",0.1,500,0
395,395,46.1771397699995,29.883544767486,573,500,0.1,rhc,relu,True,True,5,"[500, 500, 10]",0.1,500,0
396,396,46.2509074499976,29.883544767486,574,500,0.1,rhc,relu,True,True,5,"[500, 500, 10]",0.1,500,0
397,397,46.3968088580004,29.8830290328302,576,500,0.1,rhc,relu,True,True,5,"[500, 500, 10]",0.1,500,0
398,398,46.4711768289999,29.8830290328302,577,500,0.1,rhc,relu,True,True,5,"[500, 500, 10]",0.1,500,0
399,399,46.5448805329979,29.8830290328302,578,500,0.1,rhc,relu,True,True,5,"[500, 500, 10]",0.1,500,0
400,400,46.6188460060002,29.8830290328302,579,500,0.1,rhc,relu,True,True,5,"[500, 500, 10]",0.1,500,0
401,401,46.7642703229976,29.8823475748027,581,500,0.1,rhc,relu,True,True,5,"[500, 500, 10]",0.1,500,0
402,402,46.8381996869975,29.8823475748027,582,500,0.1,rhc,relu,True,True,5,"[500, 500, 10]",0.1,500,0
403,403,46.9834491199981,29.8822469456922,584,500,0.1,rhc,relu,True,True,5,"[500, 500, 10]",0.1,500,0
404,404,47.1297389879983,29.88179962897,586,500,0.1,rhc,relu,True,True,5,"[500, 500, 10]",0.1,500,0
405,405,47.2052192619994,29.88179962897,587,500,0.1,rhc,relu,True,True,5,"[500, 500, 10]",0.1,500,0
406,406,47.3634277960009,29.8811261310037,589,500,0.1,rhc,relu,True,True,5,"[500, 500, 10]",0.1,500,0
407,407,47.4370227569998,29.8811261310037,590,500,0.1,rhc,relu,True,True,5,"[500, 500, 10]",0.1,500,0
408,408,47.510630847999,29.8811261310037,591,500,0.1,rhc,relu,True,True,5,"[500, 500, 10]",0.1,500,0
409,409,47.6559939139988,29.880990144371,593,500,0.1,rhc,relu,True,True,5,"[500, 500, 10]",0.1,500,0
410,410,47.8014990379998,29.8806704845868,595,500,0.1,rhc,relu,True,True,5,"[500, 500, 10]",0.1,500,0
411,411,47.8753153279977,29.8806704845868,596,500,0.1,rhc,relu,True,True,5,"[500, 500, 10]",0.1,500,0
412,412,48.0208793989987,29.8800367279703,598,500,0.1,rhc,relu,True,True,5,"[500, 500, 10]",0.1,500,0
413,413,48.0943501109978,29.8800367279703,599,500,0.1,rhc,relu,True,True,5,"[500, 500, 10]",0.1,500,0
414,414,48.2406019150003,29.8776165314186,601,500,0.1,rhc,relu,True,True,5,"[500, 500, 10]",0.1,500,0
415,415,48.3865000400001,29.8722648691877,603,500,0.1,rhc,relu,True,True,5,"[500, 500, 10]",0.1,500,0
416,416,48.5325495830002,29.8722392260478,605,500,0.1,rhc,relu,True,True,5,"[500, 500, 10]",0.1,500,0
417,417,48.6794729169997,29.8722227136804,607,500,0.1,rhc,relu,True,True,5,"[500, 500, 10]",0.1,500,0
418,418,48.8248915069999,29.8717807239166,609,500,0.1,rhc,relu,True,True,5,"[500, 500, 10]",0.1,500,0
419,419,48.9160395619983,29.8717807239166,610,500,0.1,rhc,relu,True,True,5,"[500, 500, 10]",0.1,500,0
420,420,49.0022634810011,29.8717807239166,611,500,0.1,rhc,relu,True,True,5,"[500, 500, 10]",0.1,500,0
421,421,49.1484286119994,29.8693712064934,613,500,0.1,rhc,relu,True,True,5,"[500, 500, 10]",0.1,500,0
422,422,49.2942709329982,29.8692871669221,615,500,0.1,rhc,relu,True,True,5,"[500, 500, 10]",0.1,500,0
423,423,49.4402288429992,29.8689193620232,617,500,0.1,rhc,relu,True,True,5,"[500, 500, 10]",0.1,500,0
424,424,49.5859650040002,29.8668395091817,619,500,0.1,rhc,relu,True,True,5,"[500, 500, 10]",0.1,500,0
425,425,49.6595912539997,29.8668395091817,620,500,0.1,rhc,relu,True,True,5,"[500, 500, 10]",0.1,500,0
426,426,49.8052668630007,29.8654060873281,622,500,0.1,rhc,relu,True,True,5,"[500, 500, 10]",0.1,500,0
427,427,49.8789846750005,29.8654060873281,623,500,0.1,rhc,relu,True,True,5,"[500, 500, 10]",0.1,500,0
428,428,49.9527597579981,29.8654060873281,624,500,0.1,rhc,relu,True,True,5,"[500, 500, 10]",0.1,500,0
429,429,50.026338235999,29.8654060873281,625,500,0.1,rhc,relu,True,True,5,"[500, 500, 10]",0.1,500,0
430,430,50.1721930589993,29.8639073231342,627,500,0.1,rhc,relu,True,True,5,"[500, 500, 10]",0.1,500,0
431,431,50.3178679689991,29.8637219927323,629,500,0.1,rhc,relu,True,True,5,"[500, 500, 10]",0.1,500,0
432,432,50.3913214999993,29.8637219927323,630,500,0.1,rhc,relu,True,True,5,"[500, 500, 10]",0.1,500,0
433,433,50.5458990919979,29.8588336044175,632,500,0.1,rhc,relu,True,True,5,"[500, 500, 10]",0.1,500,0
434,434,50.625925796001,29.8588336044175,633,500,0.1,rhc,relu,True,True,5,"[500, 500, 10]",0.1,500,0
435,435,50.699944906999,29.8588336044175,634,500,0.1,rhc,relu,True,True,5,"[500, 500, 10]",0.1,500,0
436,436,50.8458236160004,29.8573366159813,636,500,0.1,rhc,relu,True,True,5,"[500, 500, 10]",0.1,500,0
437,437,50.993422462001,29.8554643293893,638,500,0.1,rhc,relu,True,True,5,"[500, 500, 10]",0.1,500,0
438,438,51.0675012869979,29.8554643293893,639,500,0.1,rhc,relu,True,True,5,"[500, 500, 10]",0.1,500,0
439,439,51.2135604680007,29.8554459782573,641,500,0.1,rhc,relu,True,True,5,"[500, 500, 10]",0.1,500,0
440,440,51.2875007269977,29.8554459782573,642,500,0.1,rhc,relu,True,True,5,"[500, 500, 10]",0.1,500,0
441,441,51.3612769969986,29.8554459782573,643,500,0.1,rhc,relu,True,True,5,"[500, 500, 10]",0.1,500,0
442,442,51.4351618719993,29.8554459782573,644,500,0.1,rhc,relu,True,True,5,"[500, 500, 10]",0.1,500,0
443,443,51.5091665260006,29.8554459782573,645,500,0.1,rhc,relu,True,True,5,"[500, 500, 10]",0.1,500,0
444,444,51.6553764249984,29.8549761705314,647,500,0.1,rhc,relu,True,True,5,"[500, 500, 10]",0.1,500,0
445,445,51.8018802890001,29.8523900365477,649,500,0.1,rhc,relu,True,True,5,"[500, 500, 10]",0.1,500,0
446,446,51.8757775949998,29.8523900365477,650,500,0.1,rhc,relu,True,True,5,"[500, 500, 10]",0.1,500,0
447,447,51.949463140998,29.8523900365477,651,500,0.1,rhc,relu,True,True,5,"[500, 500, 10]",0.1,500,0
448,448,52.0235416169999,29.8523900365477,652,500,0.1,rhc,relu,True,True,5,"[500, 500, 10]",0.1,500,0
449,449,52.1868004219978,29.8489826037697,654,500,0.1,rhc,relu,True,True,5,"[500, 500, 10]",0.1,500,0
450,450,52.3345529199978,29.8489813287299,656,500,0.1,rhc,relu,True,True,5,"[500, 500, 10]",0.1,500,0
451,451,52.4081902750004,29.8489813287299,657,500,0.1,rhc,relu,True,True,5,"[500, 500, 10]",0.1,500,0
452,452,52.5537894759982,29.8489795301102,659,500,0.1,rhc,relu,True,True,5,"[500, 500, 10]",0.1,500,0
453,453,52.6997097409985,29.8488991546833,661,500,0.1,rhc,relu,True,True,5,"[500, 500, 10]",0.1,500,0
454,454,52.845504429999,29.8488172749708,663,500,0.1,rhc,relu,True,True,5,"[500, 500, 10]",0.1,500,0
455,455,52.9917412879986,29.848804361584,665,500,0.1,rhc,relu,True,True,5,"[500, 500, 10]",0.1,500,0
456,456,53.137756398999,29.8481043255344,667,500,0.1,rhc,relu,True,True,5,"[500, 500, 10]",0.1,500,0
457,457,53.2117180300011,29.8481043255344,668,500,0.1,rhc,relu,True,True,5,"[500, 500, 10]",0.1,500,0
458,458,53.3581343119986,29.8476441126835,670,500,0.1,rhc,relu,True,True,5,"[500, 500, 10]",0.1,500,0
459,459,53.504102977,29.847036125613,672,500,0.1,rhc,relu,True,True,5,"[500, 500, 10]",0.1,500,0
460,460,53.5781602219977,29.847036125613,673,500,0.1,rhc,relu,True,True,5,"[500, 500, 10]",0.1,500,0
461,461,53.7277578039975,29.8422830827788,675,500,0.1,rhc,relu,True,True,5,"[500, 500, 10]",0.1,500,0
462,462,53.8104209720004,29.8422830827788,676,500,0.1,rhc,relu,True,True,5,"[500, 500, 10]",0.1,500,0
463,463,53.8846484210008,29.8422830827788,677,500,0.1,rhc,relu,True,True,5,"[500, 500, 10]",0.1,500,0
464,464,53.9588820159988,29.8422830827788,678,500,0.1,rhc,relu,True,True,5,"[500, 500, 10]",0.1,500,0
465,465,54.1049364469982,29.8422433677284,680,500,0.1,rhc,relu,True,True,5,"[500, 500, 10]",0.1,500,0
466,466,54.251197540998,29.8417881021884,682,500,0.1,rhc,relu,True,True,5,"[500, 500, 10]",0.1,500,0
467,467,54.3249249920009,29.8417881021884,683,500,0.1,rhc,relu,True,True,5,"[500, 500, 10]",0.1,500,0
468,468,54.471074197998,29.8415368931252,685,500,0.1,rhc,relu,True,True,5,"[500, 500, 10]",0.1,500,0
469,469,54.5449967879977,29.8415368931252,686,500,0.1,rhc,relu,True,True,5,"[500, 500, 10]",0.1,500,0
470,470,54.6194248930005,29.8415368931252,687,500,0.1,rhc,relu,True,True,5,"[500, 500, 10]",0.1,500,0
471,471,54.7657253069992,29.8405439709099,689,500,0.1,rhc,relu,True,True,5,"[500, 500, 10]",0.1,500,0
472,472,54.9114938060011,29.8344458844279,691,500,0.1,rhc,relu,True,True,5,"[500, 500, 10]",0.1,500,0
473,473,55.0575207189977,29.8341308096276,693,500,0.1,rhc,relu,True,True,5,"[500, 500, 10]",0.1,500,0
474,474,55.1313258339978,29.8341308096276,694,500,0.1,rhc,relu,True,True,5,"[500, 500, 10]",0.1,500,0
475,475,55.2054470539988,29.8341308096276,695,500,0.1,rhc,relu,True,True,5,"[500, 500, 10]",0.1,500,0
476,476,55.2794707040011,29.8341308096276,696,500,0.1,rhc,relu,True,True,5,"[500, 500, 10]",0.1,500,0
477,477,55.446728308998,29.8336236246376,698,500,0.1,rhc,relu,True,True,5,"[500, 500, 10]",0.1,500,0
478,478,55.5218140449979,29.8336236246376,699,500,0.1,rhc,relu,True,True,5,"[500, 500, 10]",0.1,500,0
479,479,55.6677799169993,29.8328569997147,701,500,0.1,rhc,relu,True,True,5,"[500, 500, 10]",0.1,500,0
480,480,55.7418352059976,29.8328569997147,702,500,0.1,rhc,relu,True,True,5,"[500, 500, 10]",0.1,500,0
481,481,55.8154778690005,29.8328569997147,703,500,0.1,rhc,relu,True,True,5,"[500, 500, 10]",0.1,500,0
482,482,55.9611706579999,29.8325014907808,705,500,0.1,rhc,relu,True,True,5,"[500, 500, 10]",0.1,500,0
483,483,56.0348571119976,29.8325014907808,706,500,0.1,rhc,relu,True,True,5,"[500, 500, 10]",0.1,500,0
484,484,56.1831971200008,29.8319087645477,708,500,0.1,rhc,relu,True,True,5,"[500, 500, 10]",0.1,500,0
485,485,56.3291159879991,29.8317155243243,710,500,0.1,rhc,relu,True,True,5,"[500, 500, 10]",0.1,500,0
486,486,56.4748388099979,29.8316161061918,712,500,0.1,rhc,relu,True,True,5,"[500, 500, 10]",0.1,500,0
487,487,56.5488033049987,29.8316161061918,713,500,0.1,rhc,relu,True,True,5,"[500, 500, 10]",0.1,500,0
488,488,56.6228476979995,29.8316161061918,714,500,0.1,rhc,relu,True,True,5,"[500, 500, 10]",0.1,500,0
489,489,56.6967355060006,29.8316161061918,715,500,0.1,rhc,relu,True,True,5,"[500, 500, 10]",0.1,500,0
490,490,56.8428493030006,29.8312486889284,717,500,0.1,rhc,relu,True,True,5,"[500, 500, 10]",0.1,500,0
491,491,57.0146765249992,29.8292032921561,719,500,0.1,rhc,relu,True,True,5,"[500, 500, 10]",0.1,500,0
492,492,57.0941315739983,29.8292032921561,720,500,0.1,rhc,relu,True,True,5,"[500, 500, 10]",0.1,500,0
493,493,57.2411680519981,29.8283676234975,722,500,0.1,rhc,relu,True,True,5,"[500, 500, 10]",0.1,500,0
494,494,57.3156780819991,29.8283676234975,723,500,0.1,rhc,relu,True,True,5,"[500, 500, 10]",0.1,500,0
495,495,57.3898864639996,29.8283676234975,724,500,0.1,rhc,relu,True,True,5,"[500, 500, 10]",0.1,500,0
496,496,57.5361900219978,29.828281716548,726,500,0.1,rhc,relu,True,True,5,"[500, 500, 10]",0.1,500,0
497,497,57.6822279699991,29.8267908452013,728,500,0.1,rhc,relu,True,True,5,"[500, 500, 10]",0.1,500,0
498,498,57.7565047979988,29.8267908452013,729,500,0.1,rhc,relu,True,True,5,"[500, 500, 10]",0.1,500,0
499,499,57.9032645629995,29.811741145021,731,500,0.1,rhc,relu,True,True,5,"[500, 500, 10]",0.1,500,0
500,500,57.9775276309993,29.811741145021,732,500,0.1,rhc,relu,True,True,5,"[500, 500, 10]",0.1,500,0
