,Iteration,Fitness,FEvals,Time,State,use_fast_mimic,Population Size,Keep Percent,max_iters
0,0,130.83106057819353,150,0.007695818989304826,"[20, 0, 23, 12, 29, 9, 1, 21, 14, 16, 25, 19, 10, 4, 6, 3, 27, 5, 30, 24, 17, 2, 7, 28, 26, 18, 11, 22, 31, 13, 15, 8]",True,150,0.25,8192
1,1,102.478165271833,302,0.37669913898571394,"[7, 14, 11, 4, 25, 13, 8, 26, 30, 2, 16, 19, 31, 27, 9, 6, 10, 3, 0, 22, 24, 28, 18, 20, 23, 1, 21, 17, 12, 15, 29, 5]",True,150,0.25,8192
2,2,101.75829120755523,454,0.7292888920055702,"[6, 17, 2, 27, 28, 10, 12, 13, 0, 22, 23, 18, 30, 31, 21, 15, 20, 19, 25, 7, 26, 24, 16, 9, 11, 14, 8, 4, 5, 29, 3, 1]",True,150,0.25,8192
3,4,101.75829120755523,756,1.4773060540028382,"[6, 17, 2, 27, 28, 10, 12, 13, 0, 22, 23, 18, 30, 31, 21, 15, 20, 19, 25, 7, 26, 24, 16, 9, 11, 14, 8, 4, 5, 29, 3, 1]",True,150,0.25,8192
4,8,101.75829120755523,1360,3.1511484519869555,"[6, 17, 2, 27, 28, 10, 12, 13, 0, 22, 23, 18, 30, 31, 21, 15, 20, 19, 25, 7, 26, 24, 16, 9, 11, 14, 8, 4, 5, 29, 3, 1]",True,150,0.25,8192
5,16,101.75829120755523,2568,6.485020735999569,"[6, 17, 2, 27, 28, 10, 12, 13, 0, 22, 23, 18, 30, 31, 21, 15, 20, 19, 25, 7, 26, 24, 16, 9, 11, 14, 8, 4, 5, 29, 3, 1]",True,150,0.25,8192
6,32,101.75829120755523,4984,13.356956259987783,"[6, 17, 2, 27, 28, 10, 12, 13, 0, 22, 23, 18, 30, 31, 21, 15, 20, 19, 25, 7, 26, 24, 16, 9, 11, 14, 8, 4, 5, 29, 3, 1]",True,150,0.25,8192
7,64,101.75829120755523,9816,26.52540765798767,"[6, 17, 2, 27, 28, 10, 12, 13, 0, 22, 23, 18, 30, 31, 21, 15, 20, 19, 25, 7, 26, 24, 16, 9, 11, 14, 8, 4, 5, 29, 3, 1]",True,150,0.25,8192
8,128,101.75829120755523,19480,52.80657612500363,"[6, 17, 2, 27, 28, 10, 12, 13, 0, 22, 23, 18, 30, 31, 21, 15, 20, 19, 25, 7, 26, 24, 16, 9, 11, 14, 8, 4, 5, 29, 3, 1]",True,150,0.25,8192
9,256,101.75829120755523,38808,106.62881949997973,"[6, 17, 2, 27, 28, 10, 12, 13, 0, 22, 23, 18, 30, 31, 21, 15, 20, 19, 25, 7, 26, 24, 16, 9, 11, 14, 8, 4, 5, 29, 3, 1]",True,150,0.25,8192
10,512,101.75829120755523,75954,211.33040503700613,"[6, 17, 2, 27, 28, 10, 12, 13, 0, 22, 23, 18, 30, 31, 21, 15, 20, 19, 25, 7, 26, 24, 16, 9, 11, 14, 8, 4, 5, 29, 3, 1]",True,150,0.25,8192
11,1024,101.75829120755523,75954,211.33040503700613,"[6, 17, 2, 27, 28, 10, 12, 13, 0, 22, 23, 18, 30, 31, 21, 15, 20, 19, 25, 7, 26, 24, 16, 9, 11, 14, 8, 4, 5, 29, 3, 1]",True,150,0.25,8192
12,2048,101.75829120755523,75954,211.33040503700613,"[6, 17, 2, 27, 28, 10, 12, 13, 0, 22, 23, 18, 30, 31, 21, 15, 20, 19, 25, 7, 26, 24, 16, 9, 11, 14, 8, 4, 5, 29, 3, 1]",True,150,0.25,8192
13,4096,101.75829120755523,75954,211.33040503700613,"[6, 17, 2, 27, 28, 10, 12, 13, 0, 22, 23, 18, 30, 31, 21, 15, 20, 19, 25, 7, 26, 24, 16, 9, 11, 14, 8, 4, 5, 29, 3, 1]",True,150,0.25,8192
14,8192,101.75829120755523,75954,211.33040503700613,"[6, 17, 2, 27, 28, 10, 12, 13, 0, 22, 23, 18, 30, 31, 21, 15, 20, 19, 25, 7, 26, 24, 16, 9, 11, 14, 8, 4, 5, 29, 3, 1]",True,150,0.25,8192
15,0,130.83106057819353,150,0.007642529992153868,"[20, 0, 23, 12, 29, 9, 1, 21, 14, 16, 25, 19, 10, 4, 6, 3, 27, 5, 30, 24, 17, 2, 7, 28, 26, 18, 11, 22, 31, 13, 15, 8]",True,150,0.5,8192
16,1,102.64999926511393,302,0.4076468940183986,"[14, 16, 29, 27, 15, 31, 3, 18, 20, 22, 21, 24, 12, 1, 23, 30, 26, 5, 2, 7, 6, 8, 11, 13, 25, 10, 0, 4, 28, 9, 19, 17]",True,150,0.5,8192
17,2,102.37796338325738,454,0.8032188760116696,"[22, 28, 11, 24, 18, 31, 20, 21, 10, 15, 16, 12, 14, 17, 29, 7, 2, 23, 27, 13, 9, 26, 3, 8, 5, 6, 25, 4, 1, 30, 0, 19]",True,150,0.5,8192
18,4,95.73608245241059,757,1.5797774569946341,"[22, 11, 30, 24, 10, 31, 20, 21, 29, 15, 16, 12, 14, 18, 17, 7, 28, 23, 27, 13, 9, 26, 3, 8, 6, 5, 25, 4, 1, 2, 0, 19]",True,150,0.5,8192
19,8,95.73608245241059,1361,3.0961120550055057,"[22, 11, 30, 24, 10, 31, 20, 21, 29, 15, 16, 12, 14, 18, 17, 7, 28, 23, 27, 13, 9, 26, 3, 8, 6, 5, 25, 4, 1, 2, 0, 19]",True,150,0.5,8192
20,16,94.06048914252636,2570,6.228294705011649,"[22, 11, 30, 24, 2, 31, 20, 21, 19, 15, 16, 12, 14, 17, 10, 7, 28, 23, 27, 13, 9, 26, 3, 8, 6, 5, 25, 4, 1, 0, 29, 18]",True,150,0.5,8192
21,32,89.38860356772588,4987,12.843045543995686,"[22, 11, 30, 24, 2, 31, 20, 21, 19, 15, 16, 12, 14, 29, 10, 7, 28, 23, 27, 13, 9, 26, 3, 8, 6, 5, 25, 4, 1, 0, 17, 18]",True,150,0.5,8192
22,64,89.38860356772588,9819,25.921733638999285,"[22, 11, 30, 24, 2, 31, 20, 21, 19, 15, 16, 12, 14, 29, 10, 7, 28, 23, 27, 13, 9, 26, 3, 8, 6, 5, 25, 4, 1, 0, 17, 18]",True,150,0.5,8192
23,128,89.38860356772588,19483,53.59803514601663,"[22, 11, 30, 24, 2, 31, 20, 21, 19, 15, 16, 12, 14, 29, 10, 7, 28, 23, 27, 13, 9, 26, 3, 8, 6, 5, 25, 4, 1, 0, 17, 18]",True,150,0.5,8192
24,256,89.38860356772588,38811,108.78391903900774,"[22, 11, 30, 24, 2, 31, 20, 21, 19, 15, 16, 12, 14, 29, 10, 7, 28, 23, 27, 13, 9, 26, 3, 8, 6, 5, 25, 4, 1, 0, 17, 18]",True,150,0.5,8192
25,512,89.38860356772588,77467,219.02076306199888,"[22, 11, 30, 24, 2, 31, 20, 21, 19, 15, 16, 12, 14, 29, 10, 7, 28, 23, 27, 13, 9, 26, 3, 8, 6, 5, 25, 4, 1, 0, 17, 18]",True,150,0.5,8192
26,1024,89.38860356772588,79581,224.98672474900377,"[22, 11, 30, 24, 2, 31, 20, 21, 19, 15, 16, 12, 14, 29, 10, 7, 28, 23, 27, 13, 9, 26, 3, 8, 6, 5, 25, 4, 1, 0, 17, 18]",True,150,0.5,8192
27,2048,89.38860356772588,79581,224.98672474900377,"[22, 11, 30, 24, 2, 31, 20, 21, 19, 15, 16, 12, 14, 29, 10, 7, 28, 23, 27, 13, 9, 26, 3, 8, 6, 5, 25, 4, 1, 0, 17, 18]",True,150,0.5,8192
28,4096,89.38860356772588,79581,224.98672474900377,"[22, 11, 30, 24, 2, 31, 20, 21, 19, 15, 16, 12, 14, 29, 10, 7, 28, 23, 27, 13, 9, 26, 3, 8, 6, 5, 25, 4, 1, 0, 17, 18]",True,150,0.5,8192
29,8192,89.38860356772588,79581,224.98672474900377,"[22, 11, 30, 24, 2, 31, 20, 21, 19, 15, 16, 12, 14, 29, 10, 7, 28, 23, 27, 13, 9, 26, 3, 8, 6, 5, 25, 4, 1, 0, 17, 18]",True,150,0.5,8192
30,0,130.83106057819353,150,0.007488248986192048,"[20, 0, 23, 12, 29, 9, 1, 21, 14, 16, 25, 19, 10, 4, 6, 3, 27, 5, 30, 24, 17, 2, 7, 28, 26, 18, 11, 22, 31, 13, 15, 8]",True,150,0.75,8192
31,1,102.7041629602877,302,0.444394607009599,"[10, 2, 1, 22, 20, 17, 27, 9, 18, 16, 29, 21, 3, 13, 11, 19, 30, 26, 31, 28, 12, 23, 0, 14, 15, 24, 5, 25, 8, 7, 6, 4]",True,150,0.75,8192
32,2,102.27626377038291,454,0.8791594000067562,"[19, 13, 29, 27, 2, 6, 8, 31, 20, 16, 21, 18, 12, 15, 23, 22, 1, 3, 4, 5, 24, 17, 14, 9, 7, 26, 25, 30, 28, 10, 0, 11]",True,150,0.75,8192
33,4,98.50963799331767,758,1.8221365720091853,"[31, 26, 7, 20, 29, 15, 9, 10, 2, 25, 24, 22, 17, 30, 6, 8, 28, 27, 16, 18, 19, 11, 3, 14, 12, 13, 0, 1, 5, 4, 23, 21]",True,150,0.75,8192
34,8,95.60874699093128,1364,3.5986503990134224,"[23, 11, 10, 26, 8, 31, 6, 5, 3, 21, 4, 2, 14, 9, 12, 13, 28, 27, 0, 30, 25, 1, 7, 15, 29, 24, 20, 18, 19, 17, 16, 22]",True,150,0.75,8192
35,16,90.74387624173441,2574,7.01106894298573,"[9, 11, 10, 26, 24, 8, 25, 5, 22, 21, 4, 2, 14, 28, 31, 20, 23, 27, 6, 3, 0, 1, 7, 15, 12, 13, 29, 18, 19, 17, 16, 30]",True,150,0.75,8192
36,32,90.74387624173441,4990,13.649060613999609,"[9, 11, 10, 26, 24, 8, 25, 5, 22, 21, 4, 2, 14, 28, 31, 20, 23, 27, 6, 3, 0, 1, 7, 15, 12, 13, 29, 18, 19, 17, 16, 30]",True,150,0.75,8192
37,64,90.74387624173441,9822,26.960064406011952,"[9, 11, 10, 26, 24, 8, 25, 5, 22, 21, 4, 2, 14, 28, 31, 20, 23, 27, 6, 3, 0, 1, 7, 15, 12, 13, 29, 18, 19, 17, 16, 30]",True,150,0.75,8192
38,128,90.74387624173441,19486,54.28947296101251,"[9, 11, 10, 26, 24, 8, 25, 5, 22, 21, 4, 2, 14, 28, 31, 20, 23, 27, 6, 3, 0, 1, 7, 15, 12, 13, 29, 18, 19, 17, 16, 30]",True,150,0.75,8192
39,256,90.74387624173441,38814,107.92553330099327,"[9, 11, 10, 26, 24, 8, 25, 5, 22, 21, 4, 2, 14, 28, 31, 20, 23, 27, 6, 3, 0, 1, 7, 15, 12, 13, 29, 18, 19, 17, 16, 30]",True,150,0.75,8192
40,512,90.74387624173441,77470,217.43025992400362,"[9, 11, 10, 26, 24, 8, 25, 5, 22, 21, 4, 2, 14, 28, 31, 20, 23, 27, 6, 3, 0, 1, 7, 15, 12, 13, 29, 18, 19, 17, 16, 30]",True,150,0.75,8192
41,1024,90.74387624173441,77621,217.84712638900965,"[9, 11, 10, 26, 24, 8, 25, 5, 22, 21, 4, 2, 14, 28, 31, 20, 23, 27, 6, 3, 0, 1, 7, 15, 12, 13, 29, 18, 19, 17, 16, 30]",True,150,0.75,8192
42,2048,90.74387624173441,77621,217.84712638900965,"[9, 11, 10, 26, 24, 8, 25, 5, 22, 21, 4, 2, 14, 28, 31, 20, 23, 27, 6, 3, 0, 1, 7, 15, 12, 13, 29, 18, 19, 17, 16, 30]",True,150,0.75,8192
43,4096,90.74387624173441,77621,217.84712638900965,"[9, 11, 10, 26, 24, 8, 25, 5, 22, 21, 4, 2, 14, 28, 31, 20, 23, 27, 6, 3, 0, 1, 7, 15, 12, 13, 29, 18, 19, 17, 16, 30]",True,150,0.75,8192
44,8192,90.74387624173441,77621,217.84712638900965,"[9, 11, 10, 26, 24, 8, 25, 5, 22, 21, 4, 2, 14, 28, 31, 20, 23, 27, 6, 3, 0, 1, 7, 15, 12, 13, 29, 18, 19, 17, 16, 30]",True,150,0.75,8192
45,0,130.83106057819353,200,0.010055378981633112,"[20, 0, 23, 12, 29, 9, 1, 21, 14, 16, 25, 19, 10, 4, 6, 3, 27, 5, 30, 24, 17, 2, 7, 28, 26, 18, 11, 22, 31, 13, 15, 8]",True,200,0.25,8192
46,1,102.38357151597705,402,0.4726128320035059,"[14, 9, 7, 5, 4, 21, 13, 6, 19, 30, 24, 23, 16, 20, 25, 8, 26, 10, 0, 29, 27, 18, 31, 22, 1, 2, 3, 17, 15, 11, 12, 28]",True,200,0.25,8192
47,2,102.12039127152684,604,0.9366456999850925,"[10, 7, 27, 18, 21, 1, 25, 15, 24, 26, 29, 31, 17, 0, 6, 12, 11, 14, 19, 23, 22, 2, 4, 3, 8, 16, 13, 20, 30, 28, 5, 9]",True,200,0.25,8192
48,4,92.28578898020292,1007,1.8243959159881342,"[14, 9, 7, 5, 4, 0, 21, 6, 19, 30, 24, 23, 16, 20, 25, 8, 26, 10, 27, 29, 11, 18, 31, 22, 1, 2, 3, 17, 15, 13, 12, 28]",True,200,0.25,8192
49,8,92.28578898020292,1811,3.601221461984096,"[14, 9, 7, 5, 4, 0, 21, 6, 19, 30, 24, 23, 16, 20, 25, 8, 26, 10, 27, 29, 11, 18, 31, 22, 1, 2, 3, 17, 15, 13, 12, 28]",True,200,0.25,8192
50,16,92.28578898020292,3419,7.869570712005952,"[14, 9, 7, 5, 4, 0, 21, 6, 19, 30, 24, 23, 16, 20, 25, 8, 26, 10, 27, 29, 11, 18, 31, 22, 1, 2, 3, 17, 15, 13, 12, 28]",True,200,0.25,8192
51,32,92.28578898020292,6635,16.35761070298031,"[14, 9, 7, 5, 4, 0, 21, 6, 19, 30, 24, 23, 16, 20, 25, 8, 26, 10, 27, 29, 11, 18, 31, 22, 1, 2, 3, 17, 15, 13, 12, 28]",True,200,0.25,8192
52,64,92.28578898020292,13067,33.591365608008346,"[14, 9, 7, 5, 4, 0, 21, 6, 19, 30, 24, 23, 16, 20, 25, 8, 26, 10, 27, 29, 11, 18, 31, 22, 1, 2, 3, 17, 15, 13, 12, 28]",True,200,0.25,8192
53,128,92.28578898020292,25931,68.26223364498583,"[14, 9, 7, 5, 4, 0, 21, 6, 19, 30, 24, 23, 16, 20, 25, 8, 26, 10, 27, 29, 11, 18, 31, 22, 1, 2, 3, 17, 15, 13, 12, 28]",True,200,0.25,8192
54,256,92.28578898020292,51659,135.1720115559874,"[14, 9, 7, 5, 4, 0, 21, 6, 19, 30, 24, 23, 16, 20, 25, 8, 26, 10, 27, 29, 11, 18, 31, 22, 1, 2, 3, 17, 15, 13, 12, 28]",True,200,0.25,8192
55,512,92.28578898020292,101306,266.13460698298877,"[14, 9, 7, 5, 4, 0, 21, 6, 19, 30, 24, 23, 16, 20, 25, 8, 26, 10, 27, 29, 11, 18, 31, 22, 1, 2, 3, 17, 15, 13, 12, 28]",True,200,0.25,8192
56,1024,92.28578898020292,101306,266.13460698298877,"[14, 9, 7, 5, 4, 0, 21, 6, 19, 30, 24, 23, 16, 20, 25, 8, 26, 10, 27, 29, 11, 18, 31, 22, 1, 2, 3, 17, 15, 13, 12, 28]",True,200,0.25,8192
57,2048,92.28578898020292,101306,266.13460698298877,"[14, 9, 7, 5, 4, 0, 21, 6, 19, 30, 24, 23, 16, 20, 25, 8, 26, 10, 27, 29, 11, 18, 31, 22, 1, 2, 3, 17, 15, 13, 12, 28]",True,200,0.25,8192
58,4096,92.28578898020292,101306,266.13460698298877,"[14, 9, 7, 5, 4, 0, 21, 6, 19, 30, 24, 23, 16, 20, 25, 8, 26, 10, 27, 29, 11, 18, 31, 22, 1, 2, 3, 17, 15, 13, 12, 28]",True,200,0.25,8192
59,8192,92.28578898020292,101306,266.13460698298877,"[14, 9, 7, 5, 4, 0, 21, 6, 19, 30, 24, 23, 16, 20, 25, 8, 26, 10, 27, 29, 11, 18, 31, 22, 1, 2, 3, 17, 15, 13, 12, 28]",True,200,0.25,8192
60,0,130.83106057819353,200,0.009914296999340877,"[20, 0, 23, 12, 29, 9, 1, 21, 14, 16, 25, 19, 10, 4, 6, 3, 27, 5, 30, 24, 17, 2, 7, 28, 26, 18, 11, 22, 31, 13, 15, 8]",True,200,0.5,8192
61,1,101.89787318872695,402,0.5093314829864539,"[10, 14, 31, 30, 2, 19, 20, 12, 11, 22, 21, 7, 1, 25, 24, 8, 28, 16, 17, 23, 26, 4, 3, 0, 18, 27, 29, 15, 5, 6, 9, 13]",True,200,0.5,8192
62,2,101.89787318872695,603,1.0094885069993325,"[10, 14, 31, 30, 2, 19, 20, 12, 11, 22, 21, 7, 1, 25, 24, 8, 28, 16, 17, 23, 26, 4, 3, 0, 18, 27, 29, 15, 5, 6, 9, 13]",True,200,0.5,8192
63,4,94.09880662522067,1007,1.99064646899933,"[12, 9, 29, 22, 5, 10, 27, 2, 1, 21, 24, 28, 13, 25, 31, 3, 30, 17, 18, 15, 16, 0, 19, 20, 23, 14, 8, 6, 4, 7, 26, 11]",True,200,0.5,8192
64,8,94.09880662522067,1811,3.9142836929822806,"[12, 9, 29, 22, 5, 10, 27, 2, 1, 21, 24, 28, 13, 25, 31, 3, 30, 17, 18, 15, 16, 0, 19, 20, 23, 14, 8, 6, 4, 7, 26, 11]",True,200,0.5,8192
65,16,86.8188103215557,3422,7.687113226973452,"[7, 25, 3, 4, 6, 8, 27, 9, 12, 16, 20, 17, 21, 5, 2, 1, 26, 23, 0, 31, 22, 24, 13, 11, 10, 14, 19, 30, 29, 15, 18, 28]",True,200,0.5,8192
66,32,83.0222981821956,6640,15.846729073993629,"[7, 25, 5, 4, 6, 8, 28, 9, 12, 0, 20, 17, 21, 22, 2, 3, 26, 24, 23, 31, 30, 14, 13, 11, 10, 27, 19, 16, 29, 15, 18, 1]",True,200,0.5,8192
67,64,83.0222981821956,13072,33.02903157597757,"[7, 25, 5, 4, 6, 8, 28, 9, 12, 0, 20, 17, 21, 22, 2, 3, 26, 24, 23, 31, 30, 14, 13, 11, 10, 27, 19, 16, 29, 15, 18, 1]",True,200,0.5,8192
68,128,83.0222981821956,25936,67.18914495699573,"[7, 25, 5, 4, 6, 8, 28, 9, 12, 0, 20, 17, 21, 22, 2, 3, 26, 24, 23, 31, 30, 14, 13, 11, 10, 27, 19, 16, 29, 15, 18, 1]",True,200,0.5,8192
69,256,83.0222981821956,51664,136.3171094849822,"[7, 25, 5, 4, 6, 8, 28, 9, 12, 0, 20, 17, 21, 22, 2, 3, 26, 24, 23, 31, 30, 14, 13, 11, 10, 27, 19, 16, 29, 15, 18, 1]",True,200,0.5,8192
70,512,83.0222981821956,103120,272.4587058859761,"[7, 25, 5, 4, 6, 8, 28, 9, 12, 0, 20, 17, 21, 22, 2, 3, 26, 24, 23, 31, 30, 14, 13, 11, 10, 27, 19, 16, 29, 15, 18, 1]",True,200,0.5,8192
71,1024,83.0222981821956,105331,278.38984597599483,"[7, 25, 5, 4, 6, 8, 28, 9, 12, 0, 20, 17, 21, 22, 2, 3, 26, 24, 23, 31, 30, 14, 13, 11, 10, 27, 19, 16, 29, 15, 18, 1]",True,200,0.5,8192
72,2048,83.0222981821956,105331,278.38984597599483,"[7, 25, 5, 4, 6, 8, 28, 9, 12, 0, 20, 17, 21, 22, 2, 3, 26, 24, 23, 31, 30, 14, 13, 11, 10, 27, 19, 16, 29, 15, 18, 1]",True,200,0.5,8192
73,4096,83.0222981821956,105331,278.38984597599483,"[7, 25, 5, 4, 6, 8, 28, 9, 12, 0, 20, 17, 21, 22, 2, 3, 26, 24, 23, 31, 30, 14, 13, 11, 10, 27, 19, 16, 29, 15, 18, 1]",True,200,0.5,8192
74,8192,83.0222981821956,105331,278.38984597599483,"[7, 25, 5, 4, 6, 8, 28, 9, 12, 0, 20, 17, 21, 22, 2, 3, 26, 24, 23, 31, 30, 14, 13, 11, 10, 27, 19, 16, 29, 15, 18, 1]",True,200,0.5,8192
75,0,130.83106057819353,200,0.009952569991583005,"[20, 0, 23, 12, 29, 9, 1, 21, 14, 16, 25, 19, 10, 4, 6, 3, 27, 5, 30, 24, 17, 2, 7, 28, 26, 18, 11, 22, 31, 13, 15, 8]",True,200,0.75,8192
76,1,107.3014280518666,402,0.6247885929769836,"[30, 26, 31, 8, 19, 23, 20, 12, 15, 18, 16, 25, 5, 6, 7, 0, 2, 28, 14, 4, 13, 11, 27, 9, 29, 1, 24, 3, 10, 17, 22, 21]",True,200,0.75,8192
77,2,107.3014280518666,603,1.2529215059767012,"[30, 26, 31, 8, 19, 23, 20, 12, 15, 18, 16, 25, 5, 6, 7, 0, 2, 28, 14, 4, 13, 11, 27, 9, 29, 1, 24, 3, 10, 17, 22, 21]",True,200,0.75,8192
78,4,92.29318510185612,1007,2.3955454179958906,"[16, 14, 9, 26, 29, 4, 20, 21, 30, 31, 18, 11, 10, 24, 23, 1, 2, 3, 0, 7, 28, 27, 25, 5, 22, 6, 8, 12, 13, 17, 15, 19]",True,200,0.75,8192
79,8,92.29318510185612,1811,4.942816536000464,"[16, 14, 9, 26, 29, 4, 20, 21, 30, 31, 18, 11, 10, 24, 23, 1, 2, 3, 0, 7, 28, 27, 25, 5, 22, 6, 8, 12, 13, 17, 15, 19]",True,200,0.75,8192
80,16,84.42063324302171,3421,9.218746378988726,"[27, 28, 12, 13, 15, 24, 25, 11, 10, 3, 0, 1, 22, 2, 9, 8, 7, 26, 4, 6, 17, 14, 16, 18, 20, 30, 23, 5, 21, 19, 29, 31]",True,200,0.75,8192
81,32,80.89681713754166,6638,17.629638983984478,"[27, 9, 12, 13, 28, 24, 25, 11, 10, 3, 0, 1, 22, 2, 4, 8, 7, 26, 21, 15, 14, 17, 16, 18, 20, 30, 23, 5, 6, 19, 29, 31]",True,200,0.75,8192
82,64,80.89681713754166,13070,34.68714425098733,"[27, 9, 12, 13, 28, 24, 25, 11, 10, 3, 0, 1, 22, 2, 4, 8, 7, 26, 21, 15, 14, 17, 16, 18, 20, 30, 23, 5, 6, 19, 29, 31]",True,200,0.75,8192
83,128,80.89681713754166,25934,69.14217537199147,"[27, 9, 12, 13, 28, 24, 25, 11, 10, 3, 0, 1, 22, 2, 4, 8, 7, 26, 21, 15, 14, 17, 16, 18, 20, 30, 23, 5, 6, 19, 29, 31]",True,200,0.75,8192
84,256,80.89681713754166,51662,138.27836157398997,"[27, 9, 12, 13, 28, 24, 25, 11, 10, 3, 0, 1, 22, 2, 4, 8, 7, 26, 21, 15, 14, 17, 16, 18, 20, 30, 23, 5, 6, 19, 29, 31]",True,200,0.75,8192
85,512,80.89681713754166,103118,274.7064298479818,"[27, 9, 12, 13, 28, 24, 25, 11, 10, 3, 0, 1, 22, 2, 4, 8, 7, 26, 21, 15, 14, 17, 16, 18, 20, 30, 23, 5, 6, 19, 29, 31]",True,200,0.75,8192
86,1024,80.89681713754166,105731,281.60394812299637,"[27, 9, 12, 13, 28, 24, 25, 11, 10, 3, 0, 1, 22, 2, 4, 8, 7, 26, 21, 15, 14, 17, 16, 18, 20, 30, 23, 5, 6, 19, 29, 31]",True,200,0.75,8192
87,2048,80.89681713754166,105731,281.60394812299637,"[27, 9, 12, 13, 28, 24, 25, 11, 10, 3, 0, 1, 22, 2, 4, 8, 7, 26, 21, 15, 14, 17, 16, 18, 20, 30, 23, 5, 6, 19, 29, 31]",True,200,0.75,8192
88,4096,80.89681713754166,105731,281.60394812299637,"[27, 9, 12, 13, 28, 24, 25, 11, 10, 3, 0, 1, 22, 2, 4, 8, 7, 26, 21, 15, 14, 17, 16, 18, 20, 30, 23, 5, 6, 19, 29, 31]",True,200,0.75,8192
89,8192,80.89681713754166,105731,281.60394812299637,"[27, 9, 12, 13, 28, 24, 25, 11, 10, 3, 0, 1, 22, 2, 4, 8, 7, 26, 21, 15, 14, 17, 16, 18, 20, 30, 23, 5, 6, 19, 29, 31]",True,200,0.75,8192
90,0,130.83106057819353,300,0.014843893004581332,"[20, 0, 23, 12, 29, 9, 1, 21, 14, 16, 25, 19, 10, 4, 6, 3, 27, 5, 30, 24, 17, 2, 7, 28, 26, 18, 11, 22, 31, 13, 15, 8]",True,300,0.25,8192
91,1,103.54035663637103,602,0.643603707983857,"[10, 2, 3, 1, 8, 28, 5, 6, 0, 25, 30, 18, 4, 24, 20, 15, 21, 27, 11, 13, 12, 31, 17, 22, 23, 26, 7, 9, 14, 29, 16, 19]",True,300,0.25,8192
92,2,103.54035663637103,903,1.2698411069868598,"[10, 2, 3, 1, 8, 28, 5, 6, 0, 25, 30, 18, 4, 24, 20, 15, 21, 27, 11, 13, 12, 31, 17, 22, 23, 26, 7, 9, 14, 29, 16, 19]",True,300,0.25,8192
93,4,93.3472797989225,1507,2.514888753008563,"[18, 28, 13, 15, 1, 22, 23, 4, 5, 3, 20, 17, 0, 30, 24, 2, 27, 26, 29, 14, 12, 8, 10, 11, 9, 25, 31, 21, 16, 6, 7, 19]",True,300,0.25,8192
94,8,86.06208828066183,2714,4.968721604003804,"[20, 30, 8, 29, 12, 11, 25, 1, 3, 2, 0, 28, 27, 17, 18, 16, 15, 26, 24, 10, 13, 7, 6, 5, 4, 9, 23, 31, 22, 21, 14, 19]",True,300,0.25,8192
95,16,84.34910769832908,5123,10.577156501996797,"[18, 28, 14, 15, 1, 22, 23, 4, 5, 3, 20, 21, 0, 30, 24, 2, 27, 26, 9, 8, 12, 13, 10, 11, 29, 25, 31, 17, 16, 6, 7, 19]",True,300,0.25,8192
96,32,84.34910769832908,9939,22.396475752000697,"[18, 28, 14, 15, 1, 22, 23, 4, 5, 3, 20, 21, 0, 30, 24, 2, 27, 26, 9, 8, 12, 13, 10, 11, 29, 25, 31, 17, 16, 6, 7, 19]",True,300,0.25,8192
97,64,84.34910769832908,19571,46.97413255900028,"[18, 28, 14, 15, 1, 22, 23, 4, 5, 3, 20, 21, 0, 30, 24, 2, 27, 26, 9, 8, 12, 13, 10, 11, 29, 25, 31, 17, 16, 6, 7, 19]",True,300,0.25,8192
98,128,84.34910769832908,38835,96.0330218070012,"[18, 28, 14, 15, 1, 22, 23, 4, 5, 3, 20, 21, 0, 30, 24, 2, 27, 26, 9, 8, 12, 13, 10, 11, 29, 25, 31, 17, 16, 6, 7, 19]",True,300,0.25,8192
99,256,84.34910769832908,77363,197.96155724098207,"[18, 28, 14, 15, 1, 22, 23, 4, 5, 3, 20, 21, 0, 30, 24, 2, 27, 26, 9, 8, 12, 13, 10, 11, 29, 25, 31, 17, 16, 6, 7, 19]",True,300,0.25,8192
100,512,84.34910769832908,153516,395.9623504150077,"[18, 28, 14, 15, 1, 22, 23, 4, 5, 3, 20, 21, 0, 30, 24, 2, 27, 26, 9, 8, 12, 13, 10, 11, 29, 25, 31, 17, 16, 6, 7, 19]",True,300,0.25,8192
101,1024,84.34910769832908,153516,395.9623504150077,"[18, 28, 14, 15, 1, 22, 23, 4, 5, 3, 20, 21, 0, 30, 24, 2, 27, 26, 9, 8, 12, 13, 10, 11, 29, 25, 31, 17, 16, 6, 7, 19]",True,300,0.25,8192
102,2048,84.34910769832908,153516,395.9623504150077,"[18, 28, 14, 15, 1, 22, 23, 4, 5, 3, 20, 21, 0, 30, 24, 2, 27, 26, 9, 8, 12, 13, 10, 11, 29, 25, 31, 17, 16, 6, 7, 19]",True,300,0.25,8192
103,4096,84.34910769832908,153516,395.9623504150077,"[18, 28, 14, 15, 1, 22, 23, 4, 5, 3, 20, 21, 0, 30, 24, 2, 27, 26, 9, 8, 12, 13, 10, 11, 29, 25, 31, 17, 16, 6, 7, 19]",True,300,0.25,8192
104,8192,84.34910769832908,153516,395.9623504150077,"[18, 28, 14, 15, 1, 22, 23, 4, 5, 3, 20, 21, 0, 30, 24, 2, 27, 26, 9, 8, 12, 13, 10, 11, 29, 25, 31, 17, 16, 6, 7, 19]",True,300,0.25,8192
105,0,130.83106057819353,300,0.015035668999189511,"[20, 0, 23, 12, 29, 9, 1, 21, 14, 16, 25, 19, 10, 4, 6, 3, 27, 5, 30, 24, 17, 2, 7, 28, 26, 18, 11, 22, 31, 13, 15, 8]",True,300,0.5,8192
106,1,104.8305267984403,602,0.7213427980022971,"[5, 7, 8, 21, 29, 17, 19, 9, 13, 11, 30, 20, 31, 27, 28, 16, 12, 18, 4, 1, 3, 2, 23, 24, 22, 26, 6, 15, 14, 0, 10, 25]",True,300,0.5,8192
107,2,104.8305267984403,903,1.4170270890172105,"[5, 7, 8, 21, 29, 17, 19, 9, 13, 11, 30, 20, 31, 27, 28, 16, 12, 18, 4, 1, 3, 2, 23, 24, 22, 26, 6, 15, 14, 0, 10, 25]",True,300,0.5,8192
108,4,86.9149249301247,1506,2.799928299995372,"[31, 15, 1, 22, 19, 28, 9, 30, 20, 21, 23, 2, 25, 6, 27, 8, 24, 0, 17, 18, 16, 10, 11, 13, 12, 14, 29, 5, 4, 7, 3, 26]",True,300,0.5,8192
109,8,84.71407787756172,2711,5.553797714994289,"[1, 23, 0, 3, 7, 8, 9, 15, 17, 12, 11, 14, 30, 18, 29, 27, 10, 16, 21, 6, 5, 26, 28, 19, 20, 22, 31, 13, 25, 24, 4, 2]",True,300,0.5,8192
110,16,83.28009947735154,5120,11.065348594012903,"[1, 23, 0, 3, 7, 8, 9, 15, 17, 12, 11, 14, 18, 30, 29, 27, 10, 16, 21, 6, 5, 26, 28, 19, 20, 22, 31, 13, 25, 24, 4, 2]",True,300,0.5,8192
111,32,79.14623917374661,9939,22.43758139901911,"[0, 1, 2, 3, 7, 11, 15, 30, 17, 12, 13, 10, 9, 28, 8, 27, 14, 19, 26, 6, 5, 4, 23, 20, 22, 21, 16, 18, 25, 24, 31, 29]",True,300,0.5,8192
112,64,79.14623917374661,19571,46.75240215199301,"[0, 1, 2, 3, 7, 11, 15, 30, 17, 12, 13, 10, 9, 28, 8, 27, 14, 19, 26, 6, 5, 4, 23, 20, 22, 21, 16, 18, 25, 24, 31, 29]",True,300,0.5,8192
113,128,79.14623917374661,38835,96.3915395840013,"[0, 1, 2, 3, 7, 11, 15, 30, 17, 12, 13, 10, 9, 28, 8, 27, 14, 19, 26, 6, 5, 4, 23, 20, 22, 21, 16, 18, 25, 24, 31, 29]",True,300,0.5,8192
114,256,79.14623917374661,77363,195.6975547390175,"[0, 1, 2, 3, 7, 11, 15, 30, 17, 12, 13, 10, 9, 28, 8, 27, 14, 19, 26, 6, 5, 4, 23, 20, 22, 21, 16, 18, 25, 24, 31, 29]",True,300,0.5,8192
115,512,79.14623917374661,154419,401.9912995999912,"[0, 1, 2, 3, 7, 11, 15, 30, 17, 12, 13, 10, 9, 28, 8, 27, 14, 19, 26, 6, 5, 4, 23, 20, 22, 21, 16, 18, 25, 24, 31, 29]",True,300,0.5,8192
116,1024,79.14623917374661,158633,413.06773876500665,"[0, 1, 2, 3, 7, 11, 15, 30, 17, 12, 13, 10, 9, 28, 8, 27, 14, 19, 26, 6, 5, 4, 23, 20, 22, 21, 16, 18, 25, 24, 31, 29]",True,300,0.5,8192
117,2048,79.14623917374661,158633,413.06773876500665,"[0, 1, 2, 3, 7, 11, 15, 30, 17, 12, 13, 10, 9, 28, 8, 27, 14, 19, 26, 6, 5, 4, 23, 20, 22, 21, 16, 18, 25, 24, 31, 29]",True,300,0.5,8192
118,4096,79.14623917374661,158633,413.06773876500665,"[0, 1, 2, 3, 7, 11, 15, 30, 17, 12, 13, 10, 9, 28, 8, 27, 14, 19, 26, 6, 5, 4, 23, 20, 22, 21, 16, 18, 25, 24, 31, 29]",True,300,0.5,8192
119,8192,79.14623917374661,158633,413.06773876500665,"[0, 1, 2, 3, 7, 11, 15, 30, 17, 12, 13, 10, 9, 28, 8, 27, 14, 19, 26, 6, 5, 4, 23, 20, 22, 21, 16, 18, 25, 24, 31, 29]",True,300,0.5,8192
120,0,130.83106057819353,300,0.015132330998312682,"[20, 0, 23, 12, 29, 9, 1, 21, 14, 16, 25, 19, 10, 4, 6, 3, 27, 5, 30, 24, 17, 2, 7, 28, 26, 18, 11, 22, 31, 13, 15, 8]",True,300,0.75,8192
121,1,99.0903462262198,602,0.8877040789811872,"[19, 20, 21, 1, 24, 23, 12, 6, 26, 8, 30, 29, 31, 27, 0, 7, 9, 3, 25, 22, 28, 2, 16, 18, 17, 15, 10, 14, 13, 11, 4, 5]",True,300,0.75,8192
122,2,99.0903462262198,903,1.7245685840025544,"[19, 20, 21, 1, 24, 23, 12, 6, 26, 8, 30, 29, 31, 27, 0, 7, 9, 3, 25, 22, 28, 2, 16, 18, 17, 15, 10, 14, 13, 11, 4, 5]",True,300,0.75,8192
123,4,97.79535445732839,1506,3.31170656598988,"[6, 5, 27, 1, 30, 25, 18, 19, 20, 13, 12, 9, 7, 10, 14, 3, 4, 22, 17, 31, 28, 24, 23, 0, 2, 8, 26, 11, 16, 21, 29, 15]",True,300,0.75,8192
124,8,95.52509086147168,2712,6.3660710389958695,"[5, 4, 7, 28, 8, 24, 22, 30, 20, 26, 31, 9, 10, 17, 12, 23, 3, 2, 1, 0, 21, 13, 27, 6, 25, 18, 19, 29, 15, 16, 14, 11]",True,300,0.75,8192
125,16,95.52509086147168,5120,12.616159692988731,"[5, 4, 7, 28, 8, 24, 22, 30, 20, 26, 31, 9, 10, 17, 12, 23, 3, 2, 1, 0, 21, 13, 27, 6, 25, 18, 19, 29, 15, 16, 14, 11]",True,300,0.75,8192
126,32,92.16332405776514,9938,25.345440131990472,"[11, 22, 23, 0, 21, 1, 29, 26, 25, 2, 31, 3, 10, 12, 15, 16, 18, 19, 20, 24, 6, 9, 8, 17, 28, 30, 5, 7, 4, 14, 13, 27]",True,300,0.75,8192
127,64,92.16332405776514,19570,50.3749298559851,"[11, 22, 23, 0, 21, 1, 29, 26, 25, 2, 31, 3, 10, 12, 15, 16, 18, 19, 20, 24, 6, 9, 8, 17, 28, 30, 5, 7, 4, 14, 13, 27]",True,300,0.75,8192
128,128,92.16332405776514,38834,100.46762213599868,"[11, 22, 23, 0, 21, 1, 29, 26, 25, 2, 31, 3, 10, 12, 15, 16, 18, 19, 20, 24, 6, 9, 8, 17, 28, 30, 5, 7, 4, 14, 13, 27]",True,300,0.75,8192
129,256,92.16332405776514,77362,202.9301037369878,"[11, 22, 23, 0, 21, 1, 29, 26, 25, 2, 31, 3, 10, 12, 15, 16, 18, 19, 20, 24, 6, 9, 8, 17, 28, 30, 5, 7, 4, 14, 13, 27]",True,300,0.75,8192
130,512,92.16332405776514,154418,399.84245518399985,"[11, 22, 23, 0, 21, 1, 29, 26, 25, 2, 31, 3, 10, 12, 15, 16, 18, 19, 20, 24, 6, 9, 8, 17, 28, 30, 5, 7, 4, 14, 13, 27]",True,300,0.75,8192
131,1024,92.16332405776514,159234,412.15331806399627,"[11, 22, 23, 0, 21, 1, 29, 26, 25, 2, 31, 3, 10, 12, 15, 16, 18, 19, 20, 24, 6, 9, 8, 17, 28, 30, 5, 7, 4, 14, 13, 27]",True,300,0.75,8192
132,2048,92.16332405776514,159234,412.15331806399627,"[11, 22, 23, 0, 21, 1, 29, 26, 25, 2, 31, 3, 10, 12, 15, 16, 18, 19, 20, 24, 6, 9, 8, 17, 28, 30, 5, 7, 4, 14, 13, 27]",True,300,0.75,8192
133,4096,92.16332405776514,159234,412.15331806399627,"[11, 22, 23, 0, 21, 1, 29, 26, 25, 2, 31, 3, 10, 12, 15, 16, 18, 19, 20, 24, 6, 9, 8, 17, 28, 30, 5, 7, 4, 14, 13, 27]",True,300,0.75,8192
134,8192,92.16332405776514,159234,412.15331806399627,"[11, 22, 23, 0, 21, 1, 29, 26, 25, 2, 31, 3, 10, 12, 15, 16, 18, 19, 20, 24, 6, 9, 8, 17, 28, 30, 5, 7, 4, 14, 13, 27]",True,300,0.75,8192
